a_id,b_id
1,811
1,813
1,819
2,194
2,195
2,1742
2,1936
3,1671
3,1692
3,1731
3,2179
4,9
4,59
4,351
4,485
4,830
5,9
5,1031
5,1040
6,8
6,371
6,388
6,404
7,379
7,1402
7,2312
8,371
8,388
8,414
8,928
9,1040
10,12
10,76
10,448
10,2312
11,13
11,15
11,402
11,405
11,414
11,1171
12,507
12,693
13,15
13,16
13,17
13,20
13,403
13,1171
14,18
14,20
14,458
14,1170
14,1787
14,2187
15,17
16,17
16,515
16,1171
17,20
17,515
18,209
18,1240
18,1572
18,1787
19,705
19,1570
19,1590
19,1616
20,458
20,515
20,1172
21,354
21,418
21,1632
22,270
22,356
22,1643
22,1682
23,38
23,51
23,57
23,1674
25,28
25,29
25,66
25,77
25,1665
25,2281
26,42
26,75
26,1258
26,1665
27,269
27,1665
27,2281
28,29
28,57
28,788
28,2281
29,66
29,73
29,1665
30,35
30,47
30,53
30,605
31,41
31,45
31,56
31,359
31,378
32,58
32,277
32,282
32,524
32,1661
32,1693
32,2292
32,2317
33,37
33,48
33,61
34,52
34,69
34,72
34,80
34,491
35,53
35,71
35,83
36,45
36,46
36,68
36,273
36,358
36,361
36,369
36,376
37,46
37,48
37,56
37,61
37,74
38,1140
38,1668
38,2286
39,50
39,63
39,67
39,587
40,75
40,81
40,301
40,601
40,2809
41,45
41,52
41,423
41,438
42,278
42,510
42,788
42,1652
43,65
43,431
43,438
43,1300
44,419
44,731
44,1181
44,1197
44,2289
44,3011
45,46
45,68
45,82
45,361
45,369
47,54
47,364
47,378
48,63
48,74
48,80
49,283
49,357
49,382
49,383
49,1302
49,1674
50,53
50,67
50,587
50,1153
51,62
51,75
51,77
51,83
52,65
52,391
53,54
53,59
53,71
53,1153
54,59
55,452
55,459
55,510
55,601
55,1275
55,2192
56,61
56,367
56,484
56,735
57,2281
58,65
58,531
58,2292
59,60
59,79
59,735
60,61
60,71
60,79
60,272
60,366
60,735
60,1174
60,1175
61,62
61,735
62,83
63,67
63,546
63,592
65,391
65,431
65,501
66,73
66,77
66,788
66,1665
67,69
67,80
67,587
68,82
69,72
69,80
69,491
70,545
70,1697
70,1948
71,79
71,357
72,80
72,491
73,1665
74,367
75,77
76,278
76,362
76,373
76,430
76,2312
77,83
78,80
78,524
78,1693
79,83
79,301
79,1175
81,357
81,421
81,2809
81,2885
82,438
167,196
167,201
167,205
167,345
167,352
168,346
168,347
168,348
168,352
169,173
169,195
169,198
169,203
169,204
169,351
173,198
173,349
173,838
181,828
181,1915
181,1926
184,1663
184,1678
184,2294
185,198
185,834
185,840
188,294
188,922
188,2093
191,840
191,1013
191,1040
194,196
194,204
194,2881
195,204
195,1742
196,201
196,205
196,345
198,349
198,351
198,834
201,205
201,2881
203,817
203,1742
206,224
206,890
206,1506
206,2193
206,2318
207,1507
207,1518
207,2227
208,214
208,694
208,702
208,1157
208,1522
209,1055
209,2136
209,2340
210,214
210,223
210,241
210,1520
211,236
211,891
211,1519
211,1981
211,2886
212,1393
212,2177
212,2183
213,214
213,215
213,216
213,1522
214,216
214,217
214,221
214,1157
214,1522
214,2211
215,216
215,240
216,217
216,231
216,240
216,908
216,911
216,1047
216,1057
216,1066
216,1072
216,1770
216,2211
217,221
217,1392
217,1406
217,2211
218,667
218,1403
218,1490
219,231
219,241
219,745
219,994
220,449
220,905
220,1052
220,1310
220,2039
220,2155
221,1406
222,680
222,1407
222,2230
222,2231
222,2232
223,239
223,241
223,1304
223,1989
223,2031
224,890
224,1136
224,1231
225,227
225,327
225,844
226,236
226,2225
226,2233
227,236
227,718
227,857
227,895
228,234
228,2146
228,2219
229,582
229,883
229,1231
229,2146
229,2219
230,902
230,1047
230,1052
231,908
231,911
231,2151
232,235
232,758
232,1052
232,1055
233,1052
233,1119
233,1122
233,1124
233,2039
234,236
234,844
234,891
234,2146
235,773
235,904
235,1052
235,1053
235,1268
235,2023
235,2205
236,844
236,895
236,2146
237,767
237,1141
237,1232
237,2340
238,900
238,1279
238,1585
238,2022
239,694
239,993
240,1069
240,2015
240,2151
241,895
241,909
242,714
242,722
242,2030
243,591
243,603
243,1052
269,1952
269,2281
270,1549
270,1671
270,1672
270,1704
270,1991
270,1996
271,1125
271,1316
271,1731
271,2179
271,2299
271,2316
271,2327
272,284
272,360
272,366
272,1172
272,1178
273,381
273,384
273,386
274,545
274,899
274,992
274,1568
274,1675
274,1697
274,1703
274,1904
274,1948
274,2295
275,572
275,764
275,1646
275,1766
276,531
276,743
276,2314
277,282
277,503
277,1661
278,373
278,927
278,1652
278,1758
279,489
279,1265
279,1697
280,489
280,755
280,1290
281,398
281,489
281,743
282,398
282,503
282,1276
283,284
283,383
283,494
283,1193
284,1187
285,1311
285,1317
285,2127
287,289
287,1569
287,1747
288,305
288,1027
288,2258
289,300
289,1569
289,1690
289,1702
289,1747
289,1916
289,2255
290,296
290,1344
290,1350
290,2078
290,2271
292,520
292,1739
292,1926
293,297
293,829
293,1564
293,1750
293,1943
293,2090
294,922
294,929
294,1210
294,1426
294,1872
294,2072
295,1725
295,1732
295,1773
295,2098
295,2255
295,2256
296,1344
296,1346
296,1348
296,1552
296,1561
296,1741
296,1918
297,1564
297,1921
298,308
298,1017
298,1026
298,1427
298,1932
300,1849
300,1917
300,2259
301,1010
302,1569
302,1755
302,1925
302,2267
303,1259
303,1413
303,1592
303,1899
303,2173
303,2296
303,2303
304,1750
304,1918
304,1921
305,1033
305,1929
305,2072
305,2258
306,1743
306,1945
306,2082
307,562
307,1034
307,1223
307,1429
307,1737
307,1773
307,2080
307,2185
308,1026
308,1211
308,1550
308,1917
309,608
309,842
309,872
312,333
312,847
312,1957
312,1961
312,2880
314,317
314,320
314,326
314,337
314,339
314,343
316,619
316,718
316,726
316,1970
317,320
317,879
318,319
318,335
318,2345
319,335
319,854
319,855
319,1966
320,323
320,324
320,329
321,329
321,342
321,459
323,324
323,334
323,875
324,580
324,871
324,876
325,330
325,916
325,917
326,329
326,339
327,330
327,2245
327,2248
330,678
330,875
330,888
330,916
330,917
331,334
331,341
331,2345
332,614
332,615
332,616
332,1962
332,1968
332,2250
333,1141
333,1165
333,2880
334,338
335,614
335,615
336,338
336,342
336,879
336,1955
337,339
337,343
338,340
338,1963
339,343
340,1958
340,1959
341,1152
341,2345
342,846
342,1955
345,352
346,347
346,352
347,348
347,352
348,352
349,834
351,811
351,830
351,1936
351,2881
354,355
354,809
355,362
355,385
355,478
355,2887
356,1633
356,1658
356,1682
356,1700
357,421
357,480
358,361
358,372
358,376
358,395
358,2305
359,381
359,486
360,1168
360,2041
360,2187
361,376
361,395
362,373
362,430
363,369
363,423
363,487
363,502
364,369
364,378
364,390
365,423
365,486
365,2274
366,486
366,1178
366,1675
367,369
367,372
367,502
368,380
368,1919
368,2809
369,378
369,390
370,371
370,1049
370,1881
370,1906
371,388
371,927
371,928
372,395
373,375
374,383
374,387
374,397
374,440
374,498
374,1039
374,1922
374,2252
375,481
375,1881
375,1890
377,521
377,572
377,1204
378,390
378,499
379,388
379,928
380,420
380,422
380,1919
381,384
381,387
381,423
381,443
381,444
381,486
381,496
382,1112
382,1413
383,1675
384,390
385,478
385,481
386,1159
386,1572
386,1616
387,436
387,443
387,1194
388,927
388,928
390,396
391,486
391,492
391,501
391,1706
392,1015
392,1425
392,1710
392,1717
392,1930
393,815
393,1696
393,2076
396,480
396,487
397,1275
397,1315
397,1615
397,1906
398,503
398,743
398,1633
398,1686
398,2314
401,403
401,410
401,416
402,403
402,414
403,410
403,416
404,413
404,458
404,1906
405,410
405,414
405,604
408,1558
408,1572
408,2200
410,413
410,416
413,458
416,458
418,504
418,1632
418,2275
419,420
419,422
419,2282
420,422
421,480
421,498
422,481
422,1707
423,436
423,486
423,487
424,543
424,559
424,561
424,1261
424,1289
425,429
425,434
425,436
425,444
425,543
425,1196
425,1289
428,437
428,541
428,683
428,2257
429,434
429,437
430,507
431,435
431,443
431,501
431,543
431,1194
432,527
432,542
432,1294
432,2276
433,761
433,1345
433,2152
434,441
435,438
435,446
435,539
436,1194
437,445
437,447
438,446
440,1181
440,1262
441,547
441,760
442,1282
442,1289
442,1358
442,2017
443,545
443,756
443,1196
443,1675
443,2295
444,568
445,447
445,1341
446,496
446,539
446,550
446,1351
447,493
447,1606
447,2057
448,1117
448,1726
448,1905
448,2312
449,1587
449,2039
450,677
450,680
450,1138
450,1161
450,1987
451,1203
451,1984
451,2131
451,2183
452,505
452,581
452,686
452,1054
452,1226
452,1603
452,1985
452,2019
452,2192
453,459
453,1170
453,1609
455,459
455,1139
455,1149
455,1170
456,457
456,1144
456,1657
457,710
457,758
457,1064
457,1065
459,1071
459,2025
460,1155
460,1166
460,2206
478,918
478,2887
479,1428
479,1929
479,2075
479,2088
480,486
480,498
480,1683
480,1740
482,1026
482,1259
482,1934
484,490
484,499
484,502
485,490
485,499
486,487
486,1703
486,1893
486,2274
487,496
487,1666
489,1697
489,1948
489,2315
490,492
490,499
492,1706
493,528
493,1301
494,501
494,1700
495,1537
495,1569
495,2057
495,2259
497,543
497,559
497,1265
497,1294
497,1634
497,2069
497,2272
501,1302
504,727
504,1258
504,1632
504,2275
504,2281
505,1193
505,1603
505,2060
506,989
506,1525
506,3005
507,676
507,693
507,757
508,731
508,1234
508,1334
509,748
509,763
509,1140
509,1236
509,1238
509,1333
509,1995
509,3011
510,676
510,1881
510,2809
511,1109
511,1131
511,1163
511,1604
511,1659
512,669
512,1257
512,2028
515,1170
515,1172
516,553
516,1313
516,1317
516,1323
516,1552
516,1865
517,586
517,593
517,1246
517,1609
518,530
518,568
518,1158
518,1611
518,1629
518,1631
518,2301
519,544
519,564
519,1358
520,926
520,1548
520,1691
521,540
521,547
521,548
521,564
521,1941
521,2050
522,1696
522,1699
522,1705
523,570
523,683
523,2129
524,1642
524,1651
524,1654
524,1661
525,1345
525,1346
525,1355
527,1237
527,1294
527,1788
527,2287
528,542
528,1284
528,1301
528,1340
529,586
529,1246
529,1249
529,1572
530,540
530,559
530,568
531,1284
531,1649
531,2292
532,758
532,761
532,1279
533,683
533,1327
533,1622
533,1626
533,1727
534,537
534,711
534,1647
534,1648
535,554
535,1048
535,1137
535,1609
535,1630
535,2195
535,2201
536,547
536,1273
536,1537
536,1606
537,1339
537,1647
537,1651
537,1661
538,999
538,1108
538,1284
539,550
540,568
540,1012
541,1355
541,2257
542,1301
543,559
543,561
543,1265
543,1634
543,1904
544,564
544,760
544,1646
544,1657
545,1948
546,698
546,1023
547,560
547,564
547,571
547,1566
547,1941
548,1292
548,1341
549,1335
549,1336
549,1346
549,1640
550,1296
550,1351
550,1691
552,1663
552,1693
552,2317
553,1346
553,1605
554,1609
554,1630
555,926
555,1038
555,1548
555,1680
556,1336
556,1352
556,1640
557,567
557,761
557,1269
557,1319
558,1296
558,1637
558,1662
558,2197
559,561
559,1634
559,1904
559,1948
560,562
560,2259
562,570
562,2257
562,2259
563,566
563,1340
563,1537
563,1884
563,1908
563,2094
563,2260
563,2268
564,569
564,571
564,1296
564,2305
565,1550
565,1944
565,2274
566,1346
566,1350
566,1918
566,2260
567,761
567,1266
567,1267
567,1299
567,1327
567,2022
569,571
569,760
570,691
570,2068
570,2129
571,760
572,1535
572,2059
572,2618
574,1256
574,2012
574,2034
578,820
578,1599
578,1707
579,781
579,1333
579,1995
579,2024
580,785
580,876
581,1071
581,1230
581,2620
582,716
582,875
582,883
582,884
583,602
583,796
583,1282
584,1181
584,1234
584,1252
585,1227
585,1972
585,1981
585,2148
586,606
586,1246
588,807
588,878
588,886
588,2339
589,592
589,600
589,790
589,871
591,594
591,595
591,603
591,806
591,1055
591,2212
592,1155
593,1174
593,1175
594,595
594,790
594,796
594,801
595,796
595,1065
598,606
598,1065
598,1173
598,1246
599,1225
599,1603
599,1619
600,803
600,870
600,871
600,885
601,607
601,2885
602,796
602,1282
603,806
603,2030
604,605
604,607
605,607
606,607
606,1264
608,612
608,843
608,2238
612,1955
612,1957
612,2238
613,847
613,1962
613,2249
613,2341
613,2872
614,615
614,616
615,616
615,621
616,854
616,1438
616,1962
616,1968
618,619
618,621
618,2345
619,621
666,727
666,1134
666,1186
666,2190
667,674
667,912
667,1141
667,1250
667,2040
667,2224
667,2235
667,2620
667,2621
668,723
668,1533
668,2028
668,2036
669,1070
669,1973
669,2303
670,1110
670,1179
670,1260
670,1473
670,1990
670,2005
670,2335
671,689
671,1138
671,1151
671,2155
674,2024
674,2032
674,2040
674,2192
675,767
675,1232
675,1978
676,686
676,693
676,1243
677,1138
677,1158
677,1161
677,1449
677,1987
677,2034
678,916
678,1430
678,2344
678,2348
679,1169
679,1238
679,1993
679,2005
680,2002
680,2165
680,2311
683,1614
683,1626
683,1727
683,1909
683,2257
685,2710
685,2884
685,3007
686,757
686,1230
686,1243
686,1599
687,1722
687,1921
687,2056
689,702
689,905
689,1151
689,1449
690,704
690,717
690,1357
691,1292
691,1627
692,696
692,719
692,1251
692,1662
692,2197
693,757
694,993
695,705
695,1628
695,2206
696,1264
696,1274
696,2197
697,1143
697,1285
697,1770
697,2039
698,711
698,712
698,1166
699,1314
699,1320
699,1724
699,2156
701,719
701,1065
701,1208
701,1545
701,1547
701,1602
702,1151
703,769
703,1286
703,2154
703,2157
704,711
704,717
704,753
704,791
704,1257
704,1357
705,714
705,2132
705,2187
705,2204
705,2206
706,1551
706,1614
706,2152
708,797
708,801
708,803
710,1067
710,2037
710,2066
710,2157
710,2160
710,2205
710,2618
711,712
711,1155
712,1647
713,1325
713,1892
713,2213
714,1167
714,2030
714,2199
714,2204
715,723
715,769
715,1204
716,1673
716,1991
717,753
717,1357
717,2317
718,1970
718,2244
719,721
719,1545
719,1551
719,1573
720,726
720,875
720,884
721,1573
721,2142
722,725
722,1137
722,1139
723,769
723,993
723,1901
723,2028
725,1137
725,1139
725,2030
725,2215
726,884
726,2244
727,1134
727,1190
727,1258
727,2275
731,1181
731,1262
731,1334
734,1006
734,1121
734,1304
734,1776
734,1989
734,2035
736,753
736,755
736,1290
737,758
737,1611
737,1629
738,744
738,756
738,2034
739,1063
739,1143
739,1146
739,1285
739,1988
739,2027
739,2036
741,1179
741,1978
741,2008
741,2011
741,2335
742,1058
742,1638
742,2199
743,1641
743,1644
743,1653
743,1686
743,1699
743,2304
743,2314
744,752
744,756
744,771
744,1654
744,2030
745,909
745,1003
745,1056
745,1285
745,1287
745,1301
745,2158
746,1292
746,1356
746,1664
747,898
747,915
747,1244
747,1261
747,2042
748,763
748,1986
749,1637
749,1661
749,2317
751,1006
751,1261
751,2035
751,2163
751,2276
751,2300
752,755
752,1687
752,2030
753,1276
753,1339
754,756
754,766
754,2289
755,1290
755,1535
755,2018
755,2039
755,2304
756,1196
756,2034
757,1243
757,1600
758,770
758,904
758,1065
760,1358
760,1637
760,1896
760,2305
761,1266
761,1299
761,2054
761,2159
763,1197
763,2279
763,3011
764,1279
764,1558
765,1064
765,1201
765,1242
765,1320
765,1571
765,1613
766,780
766,1138
766,1191
766,1995
767,1232
767,1985
767,1987
769,1533
769,2028
770,771
770,2017
771,2017
771,2149
773,904
773,2023
774,1287
774,2154
774,2163
775,782
775,785
775,842
776,778
776,784
776,794
776,876
776,2338
777,782
777,785
777,794
777,860
777,872
778,794
778,2338
779,783
779,784
779,801
779,802
779,803
779,804
780,781
780,1138
781,2024
782,785
782,842
783,784
783,793
783,799
783,802
783,804
783,874
784,789
784,794
784,805
785,842
785,872
787,802
787,804
787,851
789,790
789,806
789,1230
790,800
791,792
791,804
792,804
792,874
793,795
793,874
793,907
794,871
794,876
794,2338
795,851
795,874
796,800
797,800
797,803
797,805
797,851
797,870
797,885
797,1960
797,2343
798,805
798,807
798,1972
799,853
799,874
799,886
800,805
801,803
802,808
802,849
802,852
802,907
802,2149
803,870
803,885
803,1960
804,882
805,807
805,881
805,885
805,889
805,2343
806,881
808,2015
808,2149
809,812
809,824
809,2887
810,815
810,821
810,823
810,825
810,826
810,1937
810,2076
811,830
811,2881
812,813
812,824
812,2876
812,2881
813,819
814,832
814,1880
814,1920
815,821
815,826
815,1706
817,1020
817,1163
817,2122
818,1039
818,2169
818,2647
819,841
819,918
819,2876
820,1008
820,1758
820,3009
821,825
821,826
822,828
822,1032
822,2076
823,1011
823,1018
823,1666
823,1760
823,2076
824,2876
825,826
825,838
826,838
827,831
827,835
827,836
827,839
827,1036
827,1756
827,2075
828,829
828,926
828,1023
828,1032
828,1036
828,1698
828,1926
828,2196
829,836
830,1010
830,2074
831,839
831,1756
831,1942
832,1011
832,1021
832,1666
832,1927
833,1035
833,1195
833,1550
833,1917
833,1930
833,1944
835,836
835,840
835,1036
836,1744
836,1756
838,840
838,1036
838,1937
839,1756
839,2090
840,1036
840,1754
841,1726
841,1758
841,3009
843,860
843,890
843,2221
844,2146
846,847
846,2340
846,2341
847,856
847,1431
847,2341
847,2872
847,2880
848,853
848,857
848,1152
849,851
849,877
851,874
851,877
852,859
852,880
852,907
852,2343
853,856
853,857
853,1152
854,1966
855,1959
855,1965
855,1966
856,1956
856,2341
857,2244
859,1954
859,2342
860,872
871,876
873,878
873,886
873,1973
874,877
875,884
875,888
875,1152
876,882
877,880
878,886
878,2148
879,1959
880,882
880,2342
881,1252
881,2343
883,1184
883,1672
888,917
889,1956
889,1969
890,896
890,1506
890,2220
890,2221
891,2146
892,1231
892,1993
892,2006
895,1976
896,1398
896,2217
896,2222
896,2243
897,913
897,1401
897,1983
897,2336
898,1272
898,2154
898,2163
899,992
899,1021
900,901
900,1055
900,1279
900,1582
900,1585
900,1781
901,1279
901,1766
902,908
902,911
902,1047
902,1057
903,1063
903,1066
903,1143
903,1164
904,1268
904,1279
904,1766
905,1158
905,1404
905,1449
908,909
908,911
908,1072
908,2234
909,1056
911,913
911,1047
911,1072
911,2340
912,2040
912,2224
912,2237
913,1068
914,994
914,1281
914,1306
914,2128
915,1244
915,1306
915,2042
916,917
917,2348
918,1007
918,1758
918,1952
918,2887
920,1021
920,1025
920,1422
920,1425
920,1427
920,1846
920,2100
922,1033
922,2072
923,1034
923,1712
923,1951
923,2267
924,925
924,1915
924,1942
924,2050
925,1717
925,2050
925,2274
926,930
926,1024
926,1548
926,1698
926,1891
926,1915
927,928
929,1924
929,1927
929,2093
930,1038
930,1854
986,1198
986,2101
986,2164
987,998
987,1211
987,1334
987,1578
987,1879
987,1982
987,2287
987,2311
988,1107
988,1668
988,1877
988,2004
988,2044
988,2169
988,2282
988,2318
989,1525
989,1765
989,3005
991,1212
991,1876
991,2047
991,2619
991,2647
992,1675
992,2060
992,2168
992,2295
992,3007
993,1004
993,1214
993,1310
993,1312
994,1127
995,1003
995,1006
995,1304
995,1321
995,1975
995,1976
995,1997
995,2007
995,2278
995,2325
996,1001
996,1394
996,1404
996,1405
996,2336
996,2619
996,2813
996,2883
998,2008
998,2009
998,2186
999,1108
999,1284
999,1529
999,1715
999,1947
999,2055
999,2298
999,2315
999,2330
1001,2047
1001,2108
1001,2124
1001,2595
1001,2619
1001,2883
1002,1113
1002,1123
1002,1128
1002,1850
1002,2145
1002,2321
1002,2326
1002,2329
1003,1304
1003,1997
1004,2042
1004,2059
1004,2322
1005,1504
1005,2048
1005,2177
1006,1304
1006,2035
1006,2325
1006,2326
1007,1008
1007,1952
1007,2251
1007,2887
1008,1952
1008,2251
1009,1765
1009,2167
1009,2280
1010,1011
1010,1740
1010,1920
1010,2074
1011,1018
1011,1666
1011,1760
1012,1035
1012,1528
1012,1530
1012,1565
1012,1566
1012,1930
1012,1941
1012,1944
1013,1023
1013,1029
1013,2079
1013,2262
1014,1041
1014,1929
1014,2072
1015,1020
1015,1037
1015,1316
1015,1731
1015,1899
1016,1032
1016,1564
1016,2077
1017,1738
1017,1853
1017,1917
1017,1932
1017,2114
1017,2270
1018,1031
1018,1691
1018,2075
1018,2262
1019,1021
1019,1025
1019,1030
1020,1708
1020,1710
1021,1037
1021,1846
1023,1029
1023,1926
1023,2091
1024,1548
1024,1579
1024,1926
1025,1034
1025,1213
1025,1429
1025,2182
1025,2264
1026,1550
1026,1556
1026,1859
1026,1917
1026,1934
1027,1044
1027,1412
1027,2258
1028,1747
1028,1887
1028,1918
1028,1929
1028,2056
1028,2255
1029,1926
1030,1714
1030,1916
1030,2072
1030,2080
1030,2093
1030,2100
1031,1038
1031,1040
1031,2076
1032,1548
1032,1564
1032,1642
1032,1681
1032,1689
1032,1941
1032,2077
1033,1044
1033,1415
1033,1551
1033,2072
1033,2323
1034,1910
1035,1116
1035,1195
1035,1941
1035,1944
1035,2050
1035,2081
1035,2255
1035,2264
1036,2076
1037,1427
1038,1041
1038,1419
1038,1680
1038,1689
1038,2089
1038,2196
1039,2074
1039,2252
1040,1937
1040,2076
1041,1419
1041,1689
1041,1887
1041,2061
1041,2072
1041,2089
1044,1412
1044,2254
1047,1057
1048,1059
1048,1061
1048,1137
1048,1192
1049,2225
1049,2233
1051,1987
1051,2024
1051,2192
1052,1053
1052,1069
1052,1312
1052,2039
1052,2205
1052,2212
1053,1069
1053,1268
1054,2032
1054,2192
1056,1287
1056,2015
1057,2151
1058,1070
1058,1164
1058,1638
1058,2199
1058,2202
1059,1062
1059,1174
1060,1272
1060,1277
1060,1347
1061,1062
1061,1065
1061,1137
1061,1148
1061,1149
1061,1173
1061,2208
1062,2204
1062,2208
1063,1988
1063,2334
1063,2886
1064,1065
1065,1602
1066,1146
1066,1285
1067,1279
1067,2618
1068,1612
1068,2021
1070,1164
1070,2199
1071,1147
1107,1135
1107,1410
1107,1527
1107,1764
1107,1877
1107,2004
1107,2044
1107,2282
1108,1113
1108,1125
1108,1132
1108,1712
1108,1886
1108,1894
1108,1895
1108,2055
1108,2315
1109,1131
1109,1604
1109,1659
1109,1675
1109,1906
1109,3007
1110,1549
1110,1672
1110,1990
1110,2002
1111,1112
1111,1549
1111,1778
1111,1786
1111,2062
1112,1413
1112,1592
1112,1709
1112,1885
1112,2062
1113,1115
1113,1121
1113,1123
1113,1132
1113,1329
1113,1869
1115,1118
1115,1132
1115,1869
1115,1903
1115,2052
1116,1941
1116,1944
1116,2264
1117,1905
1117,2312
1118,1133
1118,1869
1119,1129
1119,1132
1119,1535
1119,1588
1120,1127
1120,2145
1120,2324
1120,2329
1121,2055
1122,1124
1122,1288
1123,1132
1123,2321
1124,1288
1125,1132
1125,1316
1125,1583
1125,1894
1125,2316
1125,2327
1126,1542
1126,1546
1126,1858
1126,2267
1127,1130
1127,2293
1127,2324
1128,1277
1128,2329
1129,1304
1129,1588
1130,1321
1130,2324
1131,1160
1132,1133
1132,1329
1132,2134
1133,1873
1133,2112
1133,2134
1134,1176
1134,1186
1134,1971
1134,2190
1135,1233
1135,1236
1135,1764
1135,2000
1136,1141
1136,1231
1136,2006
1136,2620
1136,2621
1137,1139
1137,1249
1137,1609
1139,1142
1140,1169
1140,1333
1140,1668
1140,2279
1140,2282
1140,3011
1141,2235
1141,2620
1142,2191
1142,2192
1142,2194
1142,2203
1143,1146
1144,2150
1144,2198
1144,2213
1146,1285
1147,1225
1147,1230
1147,1615
1148,1170
1148,2195
1148,2208
1149,2208
1150,2210
1150,2432
1150,2600
1151,2155
1153,1163
1154,1988
1154,2009
1154,2148
1155,2202
1157,1392
1157,1988
1158,1168
1158,1449
1158,1612
1158,2021
1159,1240
1159,1572
1160,1163
1160,2062
1160,2167
1161,1449
1161,1987
1163,1604
1165,1509
1165,2222
1165,2232
1166,2204
1166,2206
1167,1604
1167,1650
1167,1687
1167,2030
1167,2199
1167,2202
1168,1535
1168,1612
1168,1623
1168,2027
1168,2187
1169,1238
1170,1609
1173,1246
1174,1175
1174,1609
1176,1186
1176,1971
1178,1193
1179,1980
1180,1259
1180,1992
1180,2335
1181,1187
1181,1197
1184,1672
1184,2218
1185,1187
1185,1293
1185,2886
1187,1191
1187,1197
1187,3011
1188,1190
1188,1971
1188,2144
1189,1192
1189,1625
1189,2215
1190,2275
1191,2809
1192,1249
1192,1275
1192,2025
1193,1659
1193,2215
1195,1550
1198,1397
1198,2101
1200,1206
1200,1219
1200,1316
1200,2111
1201,1582
1201,1584
1201,2162
1203,1213
1203,1308
1203,1494
1203,1785
1203,1984
1203,2064
1203,2118
1203,2120
1203,2139
1203,2183
1204,1421
1204,1722
1204,1784
1204,1901
1205,1218
1205,1423
1205,1580
1205,1862
1205,2142
1206,1589
1206,1885
1206,2105
1206,2111
1206,2189
1206,2593
1207,1209
1207,1221
1207,1422
1207,1846
1207,2048
1207,2113
1208,1320
1208,1613
1208,2207
1208,2323
1209,1316
1209,1414
1209,1422
1209,1494
1209,1785
1209,1846
1209,1912
1209,2113
1209,2171
1209,2182
1209,2183
1210,1426
1210,1872
1211,1578
1211,2287
1211,2593
1212,1553
1212,1577
1212,1980
1212,2168
1212,2188
1212,2619
1213,2137
1213,2322
1214,1286
1214,1903
1214,2132
1215,1220
1215,1328
1215,1853
1215,2114
1215,2125
1215,2140
1217,1423
1217,1775
1217,1853
1217,2129
1218,1429
1218,1581
1218,1862
1218,2059
1219,2121
1219,2180
1220,1328
1220,2140
1221,2048
1221,2710
1222,1737
1222,1848
1222,1855
1223,1417
1223,1848
1223,2185
1224,1233
1224,1977
1224,2144
1225,1226
1225,1230
1225,1615
1226,1229
1226,1230
1226,1235
1226,1599
1226,1985
1227,1252
1227,1972
1227,1978
1228,1235
1228,1237
1228,1241
1229,1234
1229,1235
1229,1238
1231,1974
1232,1978
1232,1985
1233,1764
1234,1238
1234,1252
1234,1974
1235,1241
1235,1252
1236,1986
1237,1241
1237,1788
1237,2045
1240,1254
1240,1572
1240,1623
1241,1252
1242,1547
1242,1571
1242,1573
1242,1614
1242,1777
1242,2043
1242,2162
1244,2015
1244,2042
1244,2157
1246,1249
1246,1572
1249,1254
1249,1572
1249,1609
1249,1625
1250,1463
1250,2231
1250,2235
1251,1566
1251,1570
1251,1621
1253,1346
1253,1543
1253,1605
1253,1884
1253,2043
1253,2058
1253,2152
1253,2159
1254,1572
1254,1609
1256,1628
1256,2034
1257,2028
1258,2210
1258,2275
1259,1334
1259,1592
1260,2005
1260,2288
1260,2320
1261,2036
1262,1293
1262,1302
1262,1904
1262,2287
1264,1274
1265,1294
1266,1279
1266,1330
1266,2054
1266,2152
1267,1297
1267,1299
1268,1279
1269,1297
1269,1313
1269,2022
1269,2156
1270,1305
1270,1878
1270,2297
1271,1323
1271,1345
1271,1346
1272,1277
1272,1295
1272,1299
1272,1330
1272,2037
1272,2154
1273,1291
1273,1311
1273,1323
1273,2268
1274,1282
1274,1296
1274,1335
1274,1635
1275,1603
1275,2025
1276,1290
1277,1295
1277,2326
1278,1280
1278,1296
1278,1298
1278,1343
1279,1585
1280,1337
1280,1343
1280,1663
1280,1678
1280,1730
1280,2308
1280,2332
1281,1301
1281,1610
1281,2128
1282,1297
1282,1635
1284,1341
1284,3012
1285,1770
1286,2154
1287,1288
1287,1301
1288,2037
1288,2154
1289,2017
1290,1326
1290,2018
1290,2304
1291,1346
1291,1355
1292,1326
1292,1356
1292,1533
1292,2315
1293,1294
1293,2276
1295,1574
1295,2326
1296,1637
1296,1640
1297,2342
1298,1338
1298,1664
1299,2159
1300,1356
1300,2317
1301,2325
1303,1707
1303,1919
1303,2282
1304,1975
1304,1989
1304,2325
1305,1669
1305,1994
1305,2297
1306,1329
1306,2031
1306,2042
1306,2059
1306,2128
1308,1310
1308,1535
1308,2064
1308,2183
1309,1313
1309,1317
1309,1320
1311,1313
1311,1317
1311,1319
1311,1322
1311,1323
1311,1327
1311,2054
1311,2127
1312,1655
1313,1314
1313,1317
1313,1319
1314,1320
1315,1411
1315,1906
1315,2884
1316,2171
1317,1323
1317,1865
1319,1324
1320,1613
1320,1724
1320,2049
1320,2127
1320,2138
1320,2156
1321,2324
1322,1724
1322,2125
1323,1346
1324,1635
1324,2254
1325,1331
1325,1854
1326,1644
1328,2125
1328,2129
1329,1850
1330,1850
1330,1868
1331,1617
1331,1718
1331,1854
1331,1896
1331,2116
1331,2207
1333,1995
1334,1982
1335,1352
1335,1640
1336,1350
1336,2271
1337,1343
1337,1730
1337,2332
1338,1341
1338,1574
1338,2308
1339,1352
1340,1537
1340,2152
1341,2300
1341,3012
1343,1352
1343,1648
1343,2317
1344,1350
1344,1552
1344,2078
1344,2260
1344,2271
1345,1346
1345,1349
1345,1355
1345,1358
1345,1892
1345,2152
1346,1349
1346,1355
1346,1358
1346,1892
1346,2159
1346,2260
1347,1546
1347,1574
1347,1733
1347,2308
1348,1349
1348,1551
1348,2256
1351,1691
1352,1640
1353,1642
1353,1689
1353,1747
1355,1925
1356,1533
1356,1656
1356,2017
1356,2036
1356,2300
1357,2317
1392,1394
1392,1595
1392,2045
1392,2234
1393,1405
1393,2231
1394,1401
1394,1519
1394,2813
1395,2449
1395,2550
1395,2552
1396,1408
1396,1447
1396,1490
1396,1783
1396,2228
1396,2588
1397,1409
1397,1464
1397,1481
1397,1501
1397,2164
1397,2646
1398,2217
1398,2227
1398,2882
1399,1473
1399,1982
1399,2335
1400,1403
1400,1408
1400,2652
1400,2808
1401,2813
1402,1445
1402,1468
1402,2422
1402,2571
1403,1586
1403,2227
1403,2652
1404,2336
1405,1504
1405,2598
1405,2619
1406,1510
1406,1518
1407,1990
1407,1993
1407,2005
1408,1446
1408,2227
1408,2808
1409,1464
1409,1481
1410,1764
1410,2044
1411,1863
1411,2884
1412,1761
1412,1870
1413,1708
1413,2062
1413,2167
1414,1422
1414,1429
1414,2301
1415,1419
1415,1907
1415,2068
1415,2072
1415,2080
1416,1429
1416,1537
1416,2259
1417,2080
1417,2098
1419,1856
1419,1928
1419,2061
1419,2072
1419,2080
1419,2081
1420,1722
1420,1732
1420,1918
1420,1921
1420,1928
1420,2056
1421,1637
1421,2196
1421,2206
1422,1427
1422,1719
1422,1846
1422,1912
1423,1591
1423,1862
1423,2140
1423,2175
1425,1427
1426,1428
1426,1872
1426,2072
1426,2080
1427,1719
1427,1846
1427,1939
1427,2100
1428,1872
1428,1929
1428,2072
1429,1910
1429,2081
1429,2184
1430,1958
1430,1961
1430,2880
1431,1438
1431,2250
1431,2872
1438,2872
1439,1443
1439,1448
1439,1465
1439,2409
1439,2814
1440,1447
1440,1484
1440,1491
1440,2119
1440,2601
1440,2648
1443,1448
1443,1465
1443,2504
1443,2552
1444,2412
1444,2416
1444,2447
1444,2516
1444,2651
1445,1468
1445,2606
1445,2814
1446,1464
1446,1481
1447,1490
1448,1465
1448,2587
1453,1461
1453,2411
1453,2814
1454,1463
1454,1477
1454,1489
1454,1495
1454,2595
1454,2652
1456,2416
1456,2483
1456,2516
1456,2569
1456,2587
1457,1467
1457,1493
1457,2524
1459,1467
1459,1493
1459,2524
1459,2592
1461,1488
1461,2465
1461,2478
1461,2588
1461,2649
1461,2814
1463,1495
1463,2652
1464,1481
1465,2437
1465,2504
1465,2552
1465,2604
1467,2371
1467,2437
1467,2524
1467,2590
1467,2592
1467,2600
1467,2651
1468,1472
1468,1484
1468,1500
1468,2649
1468,3013
1472,2403
1472,2422
1472,2644
1472,2649
1472,2814
1473,1474
1473,2186
1473,2188
1474,1483
1474,2186
1475,2370
1475,2487
1475,2502
1475,2560
1477,1489
1477,1495
1477,2595
1477,2647
1478,1504
1478,2124
1478,2883
1480,1496
1480,1501
1480,2101
1480,2395
1480,2808
1483,1982
1483,2188
1484,1491
1484,3013
1486,1489
1486,1504
1486,2177
1486,2598
1488,1496
1488,1501
1488,2465
1488,2649
1488,2808
1489,1495
1490,1491
1490,2652
1491,1492
1491,2591
1491,2596
1491,2648
1491,2652
1491,3013
1492,2644
1492,2652
1493,2524
1494,2120
1494,2126
1495,2607
1496,2808
1500,1501
1500,2588
1500,2597
1500,2644
1500,2649
1500,2814
1501,2393
1501,2395
1501,2597
1501,2649
1501,2808
1504,2177
1506,2226
1506,2238
1507,1508
1507,2222
1507,2879
1508,1511
1508,1521
1509,1512
1509,2222
1509,2241
1510,1512
1510,2241
1511,1518
1511,1521
1512,2241
1518,1521
1519,2241
1520,1522
1520,2234
1523,1598
1523,1977
1523,2161
1525,1560
1525,1599
1526,1539
1526,1540
1526,1577
1527,1764
1527,2337
1528,1530
1528,1562
1528,2028
1528,2184
1529,1536
1529,1780
1529,2330
1530,1930
1530,2315
1532,1566
1532,1570
1532,1611
1532,1616
1532,1618
1533,1565
1533,1624
1533,1656
1533,2028
1533,2036
1533,2300
1534,1542
1534,1546
1534,1886
1534,1889
1534,1903
1534,1923
1534,2178
1535,1588
1535,1782
1535,2039
1536,1554
1536,2121
1537,1773
1537,1897
1537,1908
1537,2094
1537,2259
1539,1553
1539,1879
1540,1563
1540,1765
1540,2168
1540,3005
1541,1561
1541,1567
1541,1761
1541,2096
1541,2254
1542,1546
1542,1858
1542,1871
1542,1898
1542,1923
1543,1544
1543,1660
1543,2053
1543,2094
1544,1655
1544,2150
1544,2198
1544,2207
1544,2213
1544,2618
1545,1573
1546,1574
1546,1733
1546,2308
1547,1551
1547,1573
1547,1607
1547,1614
1547,1892
1547,2142
1547,2152
1547,2156
1548,1642
1548,1681
1548,1887
1548,1891
1548,1926
1550,2272
1551,1724
1551,1896
1551,2067
1553,1667
1553,1880
1553,2168
1554,1596
1554,1895
1554,2121
1555,1774
1555,1888
1555,1901
1555,2046
1556,1859
1556,1895
1556,1898
1556,2121
1557,1904
1557,1948
1557,2301
1558,1571
1558,1572
1558,2200
1559,1569
1559,1935
1559,1949
1559,2096
1560,1575
1560,1845
1560,2164
1561,1567
1562,1565
1562,2173
1562,2310
1563,2167
1563,2168
1564,1745
1564,2077
1566,1570
1566,1621
1566,1941
1567,1617
1567,1743
1567,1746
1567,2079
1567,2254
1567,2266
1568,1710
1568,1930
1568,1948
1569,1918
1569,1935
1569,2259
1570,1616
1571,1573
1571,1582
1571,2200
1572,1609
1572,1616
1572,2200
1573,1602
1573,1607
1573,1614
1574,2308
1575,2164
1575,2318
1577,1765
1577,2311
1578,2007
1578,2045
1578,2105
1578,2333
1579,1678
1579,2294
1580,1614
1580,2138
1580,2152
1580,2156
1580,2162
1581,1591
1581,1593
1581,1769
1581,1777
1581,2128
1582,1585
1582,1781
1582,2162
1583,1780
1583,1900
1583,2007
1583,2174
1583,2180
1584,1787
1584,2130
1584,2136
1586,1764
1586,2032
1587,2053
1587,2322
1587,2618
1588,2304
1589,1708
1589,2189
1590,2066
1590,2132
1591,1593
1591,1775
1591,2128
1592,1899
1592,2062
1593,2128
1594,1773
1594,2053
1594,2618
1595,2105
1595,2293
1596,1629
1596,1766
1597,1874
1597,1971
1597,1979
1597,2161
1598,1977
1598,2161
1600,1764
1600,2032
1600,2033
1601,2366
1601,2379
1601,2425
1603,1659
1603,2885
1604,1659
1605,1660
1605,2049
1605,2058
1605,2152
1605,2159
1606,2057
1606,2259
1607,1614
1607,1660
1607,2207
1608,1709
1608,1972
1608,2310
1609,1630
1610,1631
1610,1766
1610,1782
1611,1618
1611,1625
1611,1628
1611,1629
1612,1619
1612,1623
1612,1631
1612,2021
1612,2027
1614,1897
1614,2152
1614,2257
1615,2884
1616,2117
1617,2198
1618,1629
1619,1623
1619,1768
1620,1979
1620,2161
1620,2210
1621,1628
1621,2212
1621,2305
1622,1626
1622,1775
1624,2012
1624,2036
1624,2155
1625,1629
1625,1646
1626,1727
1626,2257
1627,1782
1627,2059
1627,2322
1628,1629
1628,1646
1629,2301
1630,2295
1632,2275
1633,1658
1633,1700
1635,1657
1635,2197
1636,1641
1636,1649
1636,2302
1637,1657
1637,1689
1638,1641
1638,1650
1638,1658
1638,1688
1638,2199
1639,1641
1639,1645
1639,1663
1639,2292
1639,2299
1641,1645
1641,1658
1641,2294
1641,2302
1643,1658
1643,1671
1643,1700
1644,1653
1644,1664
1644,2304
1645,1693
1647,2201
1648,1678
1648,1938
1648,2091
1649,2292
1649,2302
1650,1687
1651,1661
1652,1952
1653,2304
1653,2332
1654,1661
1655,2150
1656,1948
1657,2207
1658,1699
1658,1700
1658,1705
1658,2296
1661,1687
1661,2317
1662,2201
1663,1693
1663,1730
1663,2292
1663,2332
1665,2281
1666,1760
1666,1893
1667,1765
1667,2252
1668,3011
1669,1676
1669,1701
1669,1994
1670,1671
1670,1679
1670,1682
1670,1700
1671,1700
1672,1673
1673,1704
1673,1991
1674,1700
1676,1992
1676,1994
1678,1733
1678,1938
1678,2269
1678,2294
1679,1700
1679,1705
1680,1689
1681,1689
1681,1754
1683,1920
1683,2074
1685,1759
1685,2153
1685,2307
1685,2309
1686,2327
1686,2328
1688,2294
1688,2328
1689,1891
1689,2061
1690,1745
1690,1944
1692,1701
1692,1878
1692,2073
1694,1700
1694,1706
1694,1950
1694,2296
1696,1888
1696,2046
1697,1703
1697,1948
1698,1915
1699,2296
1700,1705
1701,1878
1702,1747
1702,1916
1703,2274
1704,1999
1705,2307
1707,2251
1707,2282
1708,1899
1708,1934
1708,2062
1709,2062
1709,2070
1709,2186
1710,1717
1710,2179
1711,1728
1711,1886
1711,1889
1711,2121
1712,1889
1712,2081
1714,2082
1714,2087
1715,1889
1715,2315
1718,1737
1718,1854
1719,1846
1722,1928
1724,2156
1725,1737
1725,1848
1726,1758
1726,2063
1726,2312
1727,1771
1727,1909
1727,2125
1728,1886
1728,1898
1732,2087
1737,1755
1737,1848
1737,1851
1737,1855
1738,1932
1738,2088
1739,1749
1739,1933
1739,1945
1739,2095
1740,2074
1741,1743
1741,1864
1741,1933
1742,1936
1743,1933
1743,2079
1743,2266
1744,1940
1744,2090
1745,1759
1745,1941
1745,2077
1746,1751
1746,2091
1746,2271
1747,1755
1747,1915
1747,1916
1747,2087
1747,2090
1747,2098
1749,2095
1749,2096
1750,1921
1750,2056
1751,1933
1751,2266
1752,1934
1752,1939
1752,2274
1753,1761
1753,1918
1753,2085
1754,2262
1755,1848
1755,1889
1755,1925
1755,2172
1755,2267
1756,1916
1756,1940
1756,2075
1757,1762
1757,1943
1757,2265
1758,1952
1758,3009
1759,2077
1759,2153
1759,2179
1759,2307
1761,1870
1761,2082
1761,2087
1761,2098
1762,1945
1762,2082
1762,2098
1762,2265
1764,2033
1764,2318
1764,2337
1765,2252
1765,2280
1765,2286
1765,2289
1765,3005
1766,1782
1766,2128
1768,1786
1768,1788
1769,1777
1769,1785
1770,1782
1770,2158
1771,1775
1771,2125
1773,1854
1774,1888
1774,2046
1774,2122
1775,2129
1776,2035
1776,2330
1778,2060
1778,2287
1778,2333
1780,1895
1780,2310
1781,2138
1782,2036
1782,2039
1782,2042
1783,2337
1783,2410
1784,2197
1784,2198
1784,2213
1785,2171
1785,2183
1786,2131
1786,2336
1787,2117
1787,2130
1787,2136
1788,1983
1845,2251
1845,2646
1846,1880
1846,1912
1846,1922
1848,1856
1848,1928
1848,2181
1848,2185
1849,2088
1849,2270
1851,1855
1851,2085
1852,1853
1852,1862
1852,1873
1853,1862
1853,1868
1853,1873
1853,2129
1853,2140
1854,1928
1855,1864
1855,2181
1856,1907
1856,2080
1857,2068
1857,2117
1857,2137
1858,1871
1859,1951
1860,1907
1860,2117
1860,2137
1861,1885
1861,2105
1861,2109
1862,1873
1862,2129
1862,2140
1862,2175
1863,2647
1863,2884
1864,1865
1865,2116
1865,2323
1868,1873
1868,1884
1868,1908
1868,2140
1869,1873
1870,1945
1871,1923
1873,1910
1873,2121
1873,2267
1874,1979
1874,2275
1875,1876
1875,1919
1875,1980
1875,2288
1876,2167
1877,1881
1877,1890
1877,2044
1878,2297
1879,2165
1879,2186
1879,2280
1880,2301
1881,1905
1881,2044
1883,2108
1883,2124
1883,2710
1886,1889
1886,1895
1886,1898
1886,1947
1886,1951
1886,2073
1886,2309
1886,2330
1888,2046
1888,2122
1889,1895
1889,1903
1890,2393
1893,2274
1894,1951
1896,1907
1896,2207
1897,2053
1898,2121
1899,2062
1899,2173
1900,2180
1900,2293
1901,1902
1901,1903
1902,1903
1902,2315
1903,2052
1903,2181
1903,2184
1904,2301
1907,2080
1908,2268
1909,1929
1909,2259
1916,1927
1916,2075
1916,2098
1917,1931
1917,1932
1917,1951
1917,2088
1918,1921
1918,1935
1918,2078
1918,2256
1919,2252
1920,2074
1921,1933
1921,2056
1921,2085
1922,2060
1923,2330
1924,1927
1924,2093
1927,2093
1928,2087
1929,2072
1929,2080
1929,2257
1929,2258
1929,2259
1930,1948
1931,1934
1931,1951
1932,2270
1933,2085
1933,2095
1933,2266
1934,1939
1938,2294
1939,2069
1939,2272
1939,2274
1940,1943
1940,2090
1940,2265
1941,1944
1941,2255
1942,2050
1943,2090
1945,2082
1945,2265
1947,2073
1947,2253
1947,2309
1948,2299
1949,2085
1949,2095
1950,2296
1950,2299
1952,2887
1954,1960
1954,1965
1954,2342
1955,1957
1956,1959
1956,1963
1956,1969
1956,2339
1956,2341
1957,1958
1957,1961
1957,1969
1958,1962
1958,2345
1959,1963
1959,1966
1959,1969
1960,1965
1960,1967
1960,1969
1960,2249
1961,2880
1962,1963
1962,1968
1962,2341
1962,2872
1963,1965
1963,1968
1963,1969
1963,2341
1965,1966
1965,1967
1967,2249
1968,2341
1969,2339
1970,2244
1970,2250
1971,2190
1972,1978
1972,2008
1973,1996
1973,2008
1973,2303
1974,1978
1974,1981
1974,2005
1975,1988
1976,2009
1976,2051
1977,1979
1977,2161
1978,2008
1978,2011
1978,2311
1979,2144
1979,2161
1979,2275
1980,1982
1980,2288
1981,1990
1981,2001
1981,2011
1983,2710
1983,2883
1984,2131
1985,2019
1985,2311
1986,2006
1986,2282
1986,2288
1986,2320
1987,2019
1987,2034
1987,2215
1988,2009
1988,2278
1990,2005
1991,1992
1991,1996
1992,1994
1992,1996
1992,2070
1993,2005
1993,2006
1994,2297
1994,2324
1995,2024
1995,2809
1996,2002
1996,2070
1996,2278
1997,2001
1999,2002
1999,2010
1999,2320
2000,2004
2000,2279
2000,2318
2001,2070
2002,2062
2006,2032
2008,2011
2009,2051
2010,2279
2010,2320
2011,2886
2012,2034
2012,2036
2012,2310
2015,2042
2017,2149
2018,2304
2019,2021
2023,2205
2024,2192
2028,2036
2028,2184
2028,2322
2030,2034
2030,2041
2030,2155
2030,2212
2030,2215
2031,2064
2032,2033
2034,2041
2036,2041
2036,2042
2036,2155
2036,2276
2036,2310
2037,2157
2037,2160
2040,2224
2040,2237
2042,2300
2043,2159
2044,2164
2044,2169
2044,3009
2045,2109
2047,2619
2048,2177
2048,2883
2049,2156
2051,2293
2052,2178
2052,2181
2053,2059
2053,2139
2053,2322
2053,2618
2055,2325
2056,2269
2058,2618
2059,2322
2060,2311
2060,2333
2060,3007
2062,2070
2063,2119
2063,2644
2064,2183
2065,2116
2065,2133
2065,2181
2066,2132
2066,2618
2067,2152
2067,2259
2068,2117
2068,2133
2068,2139
2069,2272
2070,2335
2072,2080
2072,2093
2073,2180
2073,2253
2075,2077
2077,2172
2080,2087
2080,2089
2082,2087
2082,2098
2085,2266
2087,2098
2087,2255
2088,2270
2089,2262
2095,2096
2105,2109
2105,2111
2105,2131
2105,2189
2108,2124
2108,2710
2110,2117
2110,2118
2110,2120
2110,2133
2110,2137
2110,2143
2111,2131
2111,2189
2112,2118
2112,2137
2113,2118
2113,2120
2113,2126
2113,2129
2114,2126
2117,2137
2117,2143
2119,2648
2120,2126
2122,2328
2124,2593
2127,2156
2130,2136
2132,2618
2133,2142
2133,2143
2134,2618
2138,2162
2140,2175
2144,2275
2145,2329
2149,2163
2150,2198
2150,2213
2153,2303
2154,2157
2154,2163
2156,2160
2158,2211
2164,2646
2165,2186
2165,2188
2169,3009
2171,2182
2172,2184
2173,2179
2174,2176
2174,2179
2174,2180
2174,2327
2176,2179
2176,2180
2178,2181
2186,2188
2191,2194
2191,2203
2193,2228
2193,2337
2194,2202
2194,2203
2195,2201
2197,2198
2198,2213
2199,2202
2201,2206
2204,2206
2210,2312
2211,2234
2216,2217
2216,2226
2216,2242
2217,2243
2217,2879
2218,2223
2218,2225
2218,2229
2218,2236
2219,2229
2220,2221
2220,2226
2220,2242
2220,2243
2221,2226
2222,2243
2222,2882
2223,2225
2223,2233
2224,2228
2224,2237
2225,2233
2226,2242
2228,2337
2229,2236
2229,2245
2230,2231
2230,2232
2231,2235
2232,2236
2233,2236
2238,2344
2241,2245
2241,2248
2242,2344
2244,2250
2244,2349
2245,2248
2245,2879
2245,2882
2253,2324
2255,2259
2257,2259
2258,2270
2267,2269
2276,2310
2280,2289
2286,2289
2288,2320
2293,2324
2296,2299
2296,2307
2298,2300
2298,2310
2298,3012
2300,2310
2303,2310
2304,2314
2304,2316
2309,3012
2311,2333
2321,2330
2325,2326
2325,2329
2326,2329
2333,2336
2334,2336
2334,2886
2345,2348
2345,2349
2348,2349
2351,2354
2351,2376
2351,2399
2351,2429
2352,2357
2352,2358
2352,2461
2353,2357
2353,2439
2353,2440
2354,2388
2354,2429
2355,2440
2355,2441
2355,2443
2355,2456
2355,2458
2355,2459
2355,2460
2356,2389
2356,2429
2356,2450
2357,2358
2357,2364
2357,2440
2357,2461
2358,2364
2358,2461
2359,2360
2359,2361
2359,2373
2360,2372
2360,2377
2361,2373
2361,2427
2361,2460
2362,2411
2362,2437
2362,2604
2363,2380
2363,2398
2363,2431
2363,2447
2364,2365
2364,2373
2364,2375
2364,2460
2365,2373
2365,2375
2365,2423
2365,2427
2366,2369
2366,2378
2366,2379
2366,2425
2366,2434
2367,2384
2367,2386
2367,2401
2367,2404
2367,2407
2367,2435
2368,2381
2368,2385
2368,2387
2368,2452
2369,2378
2369,2424
2369,2425
2369,2426
2369,2454
2370,2447
2370,2605
2371,2412
2371,2447
2372,2377
2372,2405
2373,2427
2374,2375
2374,2379
2374,2400
2375,2427
2376,2377
2376,2382
2376,2399
2376,2405
2376,2436
2377,2405
2377,2505
2377,2521
2378,2379
2378,2400
2378,2424
2378,2425
2379,2400
2380,2428
2380,2430
2381,2384
2381,2385
2381,2387
2382,2405
2382,2436
2383,2398
2383,2402
2383,2406
2383,2408
2383,2432
2384,2435
2385,2387
2385,2388
2385,2390
2386,2402
2386,2406
2386,2407
2386,2435
2387,2388
2387,2428
2387,2450
2388,2389
2388,2450
2389,2450
2390,2404
2390,2435
2391,2430
2391,2432
2391,2433
2392,2393
2392,2408
2392,2472
2393,2410
2395,2652
2398,2402
2398,2406
2398,2431
2398,2445
2398,2446
2399,2424
2399,2436
2400,2425
2401,2435
2401,2451
2401,2453
2401,2455
2402,2407
2402,2430
2402,2431
2402,2433
2402,2446
2403,2422
2403,2814
2404,2435
2405,2426
2405,2436
2406,2408
2406,2432
2407,2408
2409,2445
2409,2449
2410,2588
2411,2604
2411,2814
2412,2447
2416,2587
2422,2547
2422,2644
2423,2458
2423,2459
2424,2426
2425,2434
2428,2429
2429,2450
2430,2431
2430,2433
2431,2446
2432,2449
2432,2600
2433,2435
2434,2436
2434,2454
2436,2454
2437,2592
2437,2604
2437,2606
2439,2440
2439,2441
2440,2441
2441,2442
2441,2443
2442,2443
2442,2444
2444,2479
2444,2541
2445,2449
2449,2550
2451,2452
2451,2453
2452,2453
2452,2455
2453,2455
2456,2457
2456,2458
2457,2458
2457,2461
2458,2459
2462,2464
2462,2470
2462,2502
2462,2520
2462,2584
2463,2466
2463,2473
2463,2556
2463,2575
2464,2470
2464,2520
2465,2649
2466,2467
2466,2548
2466,2556
2467,2498
2467,2511
2467,2513
2467,2556
2467,2572
2468,2507
2468,2514
2468,2549
2468,2579
2469,2483
2469,2515
2469,2525
2469,2581
2470,2520
2470,2530
2470,2551
2471,2515
2471,2523
2471,2525
2472,2511
2472,2554
2473,2474
2473,2556
2473,2575
2474,2548
2474,2556
2474,2584
2475,2512
2475,2514
2475,2560
2476,2497
2476,2503
2476,2539
2476,2542
2477,2507
2477,2561
2477,2579
2478,2588
2478,2649
2479,2485
2479,2486
2479,2509
2479,2541
2479,2543
2480,2489
2480,2533
2480,2558
2481,2490
2481,2566
2481,2583
2482,2499
2482,2562
2482,2569
2483,2491
2483,2515
2483,2516
2484,2521
2484,2565
2484,2599
2485,2488
2485,2494
2485,2559
2486,2509
2486,2527
2486,2535
2486,2541
2486,2544
2486,2545
2487,2528
2487,2555
2487,2565
2487,2568
2488,2494
2488,2495
2488,2527
2488,2559
2488,2563
2488,2564
2489,2532
2489,2533
2490,2561
2490,2566
2491,2498
2491,2500
2492,2493
2492,2523
2492,2586
2493,2523
2493,2586
2493,2587
2494,2495
2494,2536
2494,2537
2494,2540
2495,2536
2496,2516
2496,2525
2496,2534
2497,2503
2497,2522
2497,2539
2497,2542
2497,2567
2498,2500
2498,2526
2498,2554
2498,2570
2499,2534
2499,2562
2499,2569
2500,2501
2500,2552
2500,2553
2500,2570
2501,2550
2501,2568
2501,2576
2501,2585
2502,2520
2502,2560
2503,2533
2504,2814
2505,2507
2505,2519
2506,2510
2506,2519
2506,2542
2506,2567
2507,2549
2508,2517
2508,2528
2508,2560
2508,2577
2509,2527
2509,2541
2510,2518
2510,2567
2511,2554
2511,2570
2511,2572
2512,2520
2512,2538
2512,2578
2513,2572
2513,2582
2514,2549
2514,2579
2515,2525
2515,2581
2516,2534
2516,2562
2516,2569
2517,2560
2517,2578
2518,2519
2518,2522
2518,2573
2518,2574
2519,2522
2519,2567
2519,2573
2519,2605
2521,2589
2521,2599
2523,2530
2523,2538
2523,2580
2524,2592
2525,2534
2525,2551
2525,2555
2525,2576
2525,2581
2525,2585
2526,2550
2526,2570
2528,2565
2529,2557
2529,2560
2529,2577
2529,2579
2530,2534
2531,2569
2531,2580
2531,2581
2532,2533
2532,2567
2533,2567
2534,2546
2534,2562
2535,2544
2535,2545
2536,2537
2536,2540
2536,2542
2536,2558
2537,2540
2538,2578
2539,2573
2540,2564
2541,2543
2541,2544
2541,2545
2542,2558
2542,2564
2542,2567
2543,2545
2544,2545
2546,2556
2546,2580
2546,2581
2546,2584
2547,2571
2547,2644
2548,2553
2548,2556
2549,2557
2549,2560
2549,2574
2549,2577
2550,2553
2550,2570
2551,2555
2551,2576
2554,2582
2555,2565
2555,2581
2557,2574
2558,2564
2559,2563
2560,2577
2560,2578
2560,2583
2561,2566
2561,2579
2561,2583
2563,2564
2568,2585
2569,2580
2569,2581
2569,2584
2571,3013
2575,2580
2576,2585
2578,2583
2580,2584
2581,2584
2582,2586
2588,2649
2589,2599
2589,2605
2590,2592
2590,2602
2591,2596
2591,2598
2591,2607
2591,2648
2592,2602
2592,2604
2592,2651
2596,2601
2596,2607
2596,2648
2597,2649
2599,2605
2601,2606
2602,2604
2604,2606
2620,2621
2644,2649
2647,2884
2648,3013
2649,2814
2710,2883
2809,2885
2879,2882
