territory_id,x,y
1,0.4572,0.6932
2,0.5132,0.7932
3,0.7433,0.6491
4,0.5937,0.8097
5,0.6968,0.8486
6,0.4782,0.6168
7,0.3505,0.4755
8,0.4478,0.5808
9,0.6172,0.8366
10,0.4252,0.5618
11,0.481,0.6595
12,0.4733,0.5658
13,0.5304,0.6521
14,0.673,0.6497
15,0.5063,0.6622
16,0.5411,0.7047
17,0.5652,0.6807
18,0.701,0.6578
19,0.793,0.6774
20,0.5953,0.6645
21,0.3324,0.5056
22,0.6821,0.5737
23,0.4924,0.5913
25,0.4107,0.5692
26,0.426,0.5569
27,0.4006,0.5761
28,0.4237,0.5806
29,0.399,0.5657
30,0.5481,0.7109
31,0.6236,0.7739
32,0.7543,0.7536
33,0.6493,0.8334
34,0.6694,0.8399
35,0.4846,0.6547
36,0.6863,0.8092
37,0.6226,0.8239
38,0.5178,0.5723
39,0.6569,0.8109
40,0.548,0.601
41,0.6643,0.7784
42,0.4736,0.5976
43,0.7202,0.7225
44,0.5374,0.5199
45,0.64,0.7723
46,0.6402,0.8204
47,0.5933,0.7765
48,0.6384,0.831
49,0.6109,0.6267
50,0.5775,0.7342
51,0.4987,0.6436
52,0.7052,0.7929
53,0.5843,0.7703
54,0.5982,0.8153
55,0.5622,0.5766
56,0.6321,0.8057
57,0.4551,0.5545
58,0.738,0.7106
59,0.5996,0.7977
60,0.6045,0.7477
61,0.6171,0.7851
62,0.5805,0.7666
63,0.6591,0.8293
65,0.6837,0.7594
66,0.4558,0.6181
67,0.6353,0.801
68,0.6519,0.8248
69,0.6284,0.8584
70,0.7258,0.6804
71,0.5714,0.7448
72,0.6551,0.8845
73,0.4086,0.5586
74,0.6315,0.8347
75,0.4909,0.5837
76,0.3979,0.5507
77,0.4393,0.5899
78,0.6992,0.8337
79,0.5824,0.7152
80,0.6483,0.8378
81,0.5384,0.6022
82,0.6484,0.8089
83,0.5435,0.7011
167,0.4718,0.7817
168,0.5122,0.8604
169,0.5637,0.8356
173,0.6391,0.8986
181,0.7957,0.9648
184,0.8216,0.8027
185,0.6247,0.92
188,0.8192,0.8887
191,0.6891,0.9258
194,0.4941,0.7714
195,0.5384,0.8241
196,0.4777,0.7876
198,0.5734,0.8489
201,0.5032,0.7913
203,0.6545,0.8044
204,0.5696,0.8504
205,0.5165,0.8253
206,0.3998,0.3352
207,0.5481,0.304
208,0.7323,0.4227
209,0.7453,0.5628
210,0.7439,0.3638
211,0.6499,0.3497
212,0.6729,0.4644
213,0.7568,0.3868
214,0.7343,0.4036
215,0.7802,0.4639
216,0.7557,0.4167
217,0.7155,0.3627
218,0.4712,0.3882
219,0.7881,0.3887
220,0.7634,0.4913
221,0.6982,0.3517
222,0.5856,0.388
223,0.7866,0.4055
224,0.4751,0.3607
225,0.5811,0.2329
226,0.6371,0.3044
227,0.6594,0.2724
228,0.5778,0.2773
229,0.5451,0.3177
230,0.7528,0.4849
231,0.7588,0.3761
232,0.8767,0.5517
233,0.8196,0.4989
234,0.6106,0.2987
235,0.8415,0.5481
236,0.6591,0.3222
237,0.6254,0.4217
238,0.9103,0.5787
239,0.8342,0.4717
240,0.7847,0.4274
241,0.7378,0.3475
242,0.7443,0.6167
243,0.7382,0.5067
269,0.4172,0.6
270,0.654,0.4743
271,0.7676,0.6455
272,0.6388,0.6634
273,0.671,0.7789
274,0.7171,0.6859
275,0.8176,0.6051
276,0.7557,0.7191
277,0.7586,0.7219
278,0.4234,0.5933
279,0.7699,0.649
280,0.7938,0.6322
281,0.7706,0.6721
282,0.7642,0.7251
283,0.6466,0.6346
284,0.6448,0.568
285,0.9774,0.7468
287,0.8713,0.9062
288,0.8847,0.9245
289,0.8469,0.8638
290,0.9401,0.921
292,0.8547,1.0
293,0.8532,0.9256
294,0.8578,0.8691
295,0.9115,0.8572
296,0.9385,0.8841
297,0.8677,0.9107
298,0.7802,0.711
300,0.8486,0.8325
301,0.6076,0.6812
302,0.9069,0.8369
303,0.692,0.5933
304,0.9208,0.9208
305,0.8976,0.869
306,0.8545,0.9845
307,0.8845,0.7848
308,0.773,0.6638
309,0.4322,0.3232
312,0.5482,0.2444
314,0.5115,0.3284
316,0.5915,0.065
317,0.5301,0.3203
318,0.6309,0.1125
319,0.6375,0.1659
320,0.5192,0.3295
321,0.566,0.4734
323,0.5438,0.251
324,0.4956,0.3571
325,0.5245,0.2221
326,0.499,0.404
327,0.5434,0.2231
329,0.4909,0.4224
330,0.5475,0.2119
331,0.5642,0.0933
332,0.5839,0.1578
333,0.546,0.2754
334,0.5333,0.1813
335,0.6086,0.1063
336,0.5809,0.314
337,0.5244,0.3868
338,0.584,0.2025
339,0.5164,0.3834
340,0.5984,0.2215
341,0.5794,0.0627
342,0.5572,0.3619
343,0.5114,0.3696
345,0.4556,0.7607
346,0.4912,0.8577
347,0.5237,0.8687
348,0.5283,0.8732
349,0.5875,0.8865
351,0.5216,0.7681
352,0.5038,0.8411
354,0.312,0.5015
355,0.3698,0.5596
356,0.6441,0.6492
357,0.5736,0.659
358,0.7091,0.8222
359,0.6243,0.7519
360,0.7206,0.6193
361,0.6795,0.8095
362,0.4001,0.56
363,0.6466,0.8217
364,0.6121,0.801
365,0.6705,0.8145
366,0.6442,0.72
367,0.6432,0.8397
368,0.5289,0.5257
369,0.6423,0.7876
370,0.5065,0.531
371,0.4557,0.579
372,0.6816,0.8626
373,0.4121,0.59
374,0.5836,0.6162
375,0.4347,0.5477
376,0.7113,0.822
377,0.852,0.7513
378,0.6224,0.7954
379,0.4104,0.5644
380,0.5163,0.5517
381,0.6896,0.7572
382,0.6701,0.6201
383,0.6302,0.671
384,0.6541,0.7869
385,0.3907,0.5727
386,0.699,0.746
387,0.6382,0.6926
388,0.4323,0.5808
390,0.6428,0.784
391,0.6709,0.7884
392,0.7818,0.7407
393,0.6998,0.8091
395,0.6837,0.8491
396,0.6174,0.761
397,0.5854,0.5901
398,0.7452,0.6968
401,0.5332,0.6657
402,0.4969,0.6749
403,0.518,0.6712
404,0.5398,0.6203
405,0.4634,0.5929
408,0.7518,0.6066
410,0.4896,0.6283
413,0.5132,0.5587
414,0.4644,0.6445
416,0.5117,0.6544
418,0.3597,0.5237
419,0.4918,0.5049
420,0.4852,0.5181
421,0.5496,0.6533
422,0.4819,0.5125
423,0.6619,0.7882
424,0.7708,0.6449
425,0.7559,0.6821
428,0.9089,0.7463
429,0.8408,0.6821
430,0.4085,0.5405
431,0.6936,0.6965
432,0.7689,0.5832
433,0.9285,0.7171
434,0.8232,0.7183
435,0.7279,0.759
436,0.7161,0.729
437,0.8859,0.6804
438,0.6816,0.7936
440,0.6014,0.6068
441,0.8471,0.7194
442,0.8085,0.6709
443,0.687,0.6809
444,0.761,0.698
445,0.8482,0.6532
446,0.7439,0.7974
447,0.832,0.6724
448,0.4236,0.5138
449,0.7851,0.583
450,0.6263,0.4769
451,0.7619,0.4843
452,0.5871,0.5392
453,0.6104,0.6159
455,0.658,0.6428
456,0.8557,0.7591
457,0.9027,0.676
458,0.5754,0.6288
459,0.5851,0.5611
460,0.6885,0.7294
478,0.3848,0.5961
479,0.8492,0.8831
480,0.5863,0.7154
481,0.4422,0.5564
482,0.7517,0.6408
484,0.6442,0.8656
485,0.5916,0.8501
486,0.6531,0.7611
487,0.6773,0.8032
489,0.7886,0.6716
490,0.6187,0.854
491,0.6695,0.8658
492,0.6253,0.8046
493,0.8678,0.614
494,0.6344,0.6994
495,0.8989,0.8006
496,0.7071,0.813
497,0.7418,0.6421
498,0.5524,0.6424
499,0.6365,0.8609
501,0.6981,0.7059
502,0.6915,0.8735
503,0.7041,0.7784
504,0.3683,0.509
505,0.6504,0.5689
506,0.5317,0.5856
507,0.4526,0.5467
508,0.5973,0.4736
509,0.5457,0.5125
510,0.5101,0.5732
511,0.6334,0.5898
512,0.7605,0.621
515,0.5876,0.6577
516,0.9808,0.8149
517,0.647,0.683
518,0.7592,0.6344
519,0.8664,0.7512
520,0.8227,0.9336
521,0.7995,0.7784
522,0.7368,0.7423
523,0.8388,0.7199
524,0.7502,0.8067
525,0.9144,0.7479
527,0.7334,0.573
528,0.8423,0.6062
529,0.7448,0.7067
530,0.7298,0.7081
531,0.7801,0.6793
532,0.9137,0.6343
533,0.9093,0.7229
534,0.7766,0.8078
535,0.7094,0.6683
536,0.8939,0.7451
537,0.78,0.7763
538,0.8298,0.625
539,0.7611,0.8227
540,0.7664,0.7523
541,0.9207,0.7496
542,0.8357,0.5873
543,0.7328,0.6512
544,0.8509,0.7468
545,0.7007,0.6547
546,0.7571,0.8764
547,0.8228,0.7703
548,0.8076,0.6935
549,0.9301,0.8173
550,0.7768,0.8252
552,0.7916,0.7328
553,0.9752,0.7614
554,0.7191,0.7036
555,0.7985,0.8889
556,0.8992,0.8884
557,0.973,0.6916
558,0.8282,0.8098
559,0.7396,0.6601
560,0.8502,0.7991
561,0.7507,0.638
562,0.8718,0.7852
563,0.9316,0.7829
564,0.8028,0.7803
565,0.7745,0.7862
566,0.9332,0.8508
567,0.959,0.6838
568,0.7418,0.694
569,0.8887,0.7846
570,0.8857,0.7589
571,0.8486,0.7411
572,0.8666,0.6492
574,0.7092,0.5529
578,0.5102,0.5566
579,0.5906,0.4591
580,0.4689,0.4157
581,0.5353,0.4727
582,0.5447,0.279
583,0.7796,0.58
584,0.6173,0.4598
585,0.651,0.3819
586,0.6397,0.6306
587,0.6592,0.7632
588,0.6366,0.3546
589,0.6473,0.6031
591,0.746,0.5255
592,0.6651,0.6962
593,0.6301,0.7025
594,0.741,0.5222
595,0.7824,0.5923
598,0.7839,0.666
599,0.6554,0.5723
600,0.6682,0.4769
601,0.5411,0.5632
602,0.8476,0.6321
603,0.7176,0.4981
604,0.4775,0.5753
605,0.5449,0.5978
606,0.7063,0.6686
607,0.5659,0.6454
608,0.4397,0.2483
612,0.4572,0.2589
613,0.6099,0.227
614,0.6005,0.1577
615,0.6213,0.1472
616,0.5931,0.1711
618,0.6109,0.0321
619,0.5976,0.0275
621,0.6051,0.0
666,0.3102,0.3995
667,0.5189,0.3951
668,0.8094,0.588
669,0.7006,0.526
670,0.6067,0.4288
671,0.6775,0.4795
674,0.5478,0.4541
675,0.6262,0.4047
676,0.504,0.521
677,0.6714,0.5306
678,0.4918,0.1859
679,0.5395,0.4424
680,0.6242,0.4561
683,0.8868,0.7385
685,0.6418,0.5958
686,0.5161,0.5192
687,0.8884,0.7768
689,0.6674,0.4403
690,0.7891,0.6377
691,0.8754,0.6948
692,0.8707,0.7677
693,0.4472,0.492
694,0.7853,0.4665
695,0.754,0.6914
696,0.8395,0.7977
697,0.7744,0.476
698,0.747,0.8351
699,0.9775,0.7138
701,0.8839,0.7412
702,0.6921,0.4051
703,0.8761,0.6656
704,0.7755,0.6628
705,0.786,0.6768
706,0.9117,0.805
708,0.7077,0.3903
710,0.9055,0.6292
711,0.7455,0.776
712,0.7956,0.8126
713,0.9216,0.7653
714,0.7232,0.646
715,0.8438,0.7205
716,0.5805,0.3826
717,0.8061,0.7036
718,0.5903,0.1506
719,0.9363,0.7547
720,0.5716,0.1748
721,0.9052,0.7509
722,0.7157,0.6141
723,0.8032,0.6706
725,0.6897,0.5692
726,0.5909,0.1624
727,0.3232,0.4441
731,0.5935,0.5464
734,0.8378,0.4929
735,0.6182,0.7908
736,0.7819,0.6203
737,0.8143,0.6456
738,0.7063,0.5639
739,0.7505,0.4819
741,0.6366,0.4194
742,0.7091,0.7594
743,0.7638,0.6698
744,0.7409,0.6562
745,0.8078,0.4369
746,0.822,0.6919
747,0.8247,0.5503
748,0.5404,0.4647
749,0.7791,0.7558
751,0.7987,0.5224
752,0.7591,0.6791
753,0.7995,0.6815
754,0.6339,0.5323
755,0.7874,0.5924
756,0.6993,0.6027
757,0.4563,0.5152
758,0.856,0.6341
760,0.8451,0.7712
761,0.9322,0.6716
763,0.5293,0.5016
764,0.863,0.604
765,0.9367,0.6775
766,0.6115,0.5234
767,0.6451,0.4679
769,0.8396,0.6505
770,0.8103,0.6798
771,0.7994,0.5845
773,0.85,0.5518
774,0.8246,0.5407
775,0.294,0.3198
776,0.5239,0.4035
777,0.445,0.3634
778,0.5076,0.3524
779,0.7033,0.4299
780,0.6302,0.4643
781,0.6283,0.4441
782,0.4156,0.3579
783,0.7083,0.4167
784,0.6239,0.3914
785,0.3861,0.3798
787,0.759,0.5141
788,0.4855,0.576
789,0.627,0.4874
790,0.6862,0.5365
791,0.7433,0.5008
792,0.7308,0.4713
793,0.7783,0.4969
794,0.5322,0.3991
795,0.7149,0.3766
796,0.783,0.4922
797,0.691,0.3972
798,0.6854,0.4107
799,0.6733,0.3248
800,0.6821,0.422
801,0.718,0.4093
802,0.7479,0.4462
803,0.6866,0.3742
804,0.7568,0.493
805,0.6638,0.4055
806,0.6975,0.4959
807,0.665,0.3728
808,0.8308,0.5115
809,0.3798,0.5972
810,0.6889,0.8578
811,0.4862,0.7215
812,0.4208,0.6608
813,0.4557,0.675
814,0.691,0.6804
815,0.7143,0.8038
817,0.6603,0.7091
818,0.5373,0.5752
819,0.4428,0.6567
820,0.4884,0.5797
821,0.6726,0.8588
822,0.7513,0.8844
823,0.6691,0.8444
824,0.4008,0.6374
825,0.6794,0.8662
826,0.7262,0.8965
827,0.7537,0.9048
828,0.7798,0.9263
829,0.811,0.9375
830,0.5651,0.7248
831,0.7684,0.8681
832,0.7193,0.7936
833,0.7749,0.7494
834,0.5834,0.8956
835,0.7115,0.9109
836,0.7622,0.9361
838,0.7182,0.9054
839,0.7844,0.8679
840,0.7063,0.9293
841,0.4422,0.6021
842,0.3865,0.3418
843,0.4761,0.2808
844,0.6098,0.2686
846,0.6195,0.3081
847,0.585,0.2141
848,0.606,0.1769
849,0.7438,0.4055
851,0.7178,0.3899
852,0.7668,0.4216
853,0.6394,0.2326
854,0.6751,0.1824
855,0.6406,0.2199
856,0.6203,0.2571
857,0.653,0.2413
859,0.7124,0.3167
860,0.465,0.3278
870,0.6738,0.4068
871,0.5882,0.4448
872,0.3896,0.377
873,0.6586,0.3695
874,0.7205,0.4043
875,0.5748,0.262
876,0.5928,0.4231
877,0.7266,0.3894
878,0.6357,0.3471
879,0.5844,0.3423
880,0.7569,0.4321
881,0.6556,0.4527
882,0.7387,0.5008
883,0.5886,0.3613
884,0.6099,0.2604
885,0.6943,0.4176
886,0.6639,0.3482
888,0.5911,0.2659
889,0.6279,0.3488
890,0.4532,0.3231
891,0.6315,0.34
892,0.5387,0.3726
895,0.7089,0.3493
896,0.4471,0.2801
897,0.6722,0.437
898,0.8473,0.563
899,0.6844,0.6477
900,0.8914,0.5571
901,0.833,0.5358
902,0.7444,0.3922
903,0.7359,0.4892
904,0.8588,0.5703
905,0.7173,0.4668
907,0.8384,0.4771
908,0.7272,0.3652
909,0.7675,0.3771
911,0.7378,0.4136
912,0.501,0.3783
913,0.7263,0.4551
914,0.8872,0.5244
915,0.8443,0.5764
916,0.4922,0.2103
917,0.5623,0.1976
918,0.4227,0.6159
920,0.7255,0.6651
922,0.8605,0.8618
923,0.8678,0.7097
924,0.7975,0.8592
925,0.7791,0.7917
926,0.8064,0.9227
927,0.4408,0.6159
928,0.4333,0.5998
929,0.781,0.8724
930,0.8396,0.9163
986,0.4255,0.4463
987,0.6687,0.4973
988,0.4669,0.4602
989,0.5313,0.5615
991,0.5484,0.4891
992,0.685,0.607
993,0.8141,0.5698
994,0.8524,0.4672
995,0.793,0.4598
996,0.6298,0.4505
998,0.6697,0.4483
999,0.8425,0.5957
1001,0.6106,0.4578
1002,0.8814,0.5429
1003,0.7772,0.4218
1004,0.8453,0.6148
1005,0.6579,0.526
1006,0.8146,0.4873
1007,0.4037,0.5563
1008,0.4369,0.5474
1009,0.5499,0.5617
1010,0.6265,0.7345
1011,0.6824,0.8121
1012,0.7846,0.7526
1013,0.7992,0.9589
1014,0.8431,0.882
1015,0.7301,0.7023
1016,0.8489,0.9061
1017,0.8322,0.7312
1018,0.7596,0.8824
1019,0.7675,0.7424
1020,0.6839,0.6718
1021,0.6908,0.6991
1023,0.81,0.9535
1024,0.8154,0.8847
1025,0.7967,0.7573
1026,0.7802,0.6629
1027,0.8994,0.919
1028,0.881,0.8797
1029,0.7819,0.9489
1030,0.8083,0.8464
1031,0.7181,0.8713
1032,0.8066,0.8779
1033,0.9086,0.824
1034,0.8464,0.7767
1035,0.8128,0.8052
1036,0.7397,0.914
1037,0.676,0.7365
1038,0.8065,0.8985
1039,0.5885,0.6409
1040,0.6881,0.8635
1041,0.8062,0.8522
1044,0.9154,0.8772
1047,0.7383,0.4349
1048,0.6966,0.6326
1049,0.5447,0.4128
1051,0.6057,0.5167
1052,0.8196,0.5599
1053,0.8283,0.4816
1054,0.5216,0.4884
1055,0.8038,0.5019
1056,0.8218,0.4725
1057,0.7807,0.4136
1058,0.7144,0.6632
1059,0.6638,0.6829
1060,0.9242,0.5615
1061,0.7362,0.6748
1062,0.7268,0.6506
1063,0.705,0.4486
1064,0.9084,0.6553
1065,0.8362,0.6672
1066,0.7352,0.4214
1067,0.9044,0.6232
1068,0.749,0.5072
1069,0.8403,0.4739
1070,0.6746,0.5419
1071,0.5737,0.5051
1072,0.7047,0.3941
1107,0.4536,0.4684
1108,0.8389,0.6076
1109,0.6125,0.5987
1110,0.6257,0.4146
1111,0.6748,0.4985
1112,0.6572,0.5168
1113,0.8868,0.6049
1115,0.8826,0.6524
1116,0.8206,0.7535
1117,0.4127,0.5089
1118,0.9205,0.6492
1119,0.8155,0.5231
1120,0.8378,0.4882
1121,0.861,0.5095
1122,0.8747,0.5718
1123,0.8872,0.5682
1124,0.8787,0.5319
1125,0.7986,0.5964
1126,0.9344,0.7137
1127,0.8349,0.4854
1128,0.8955,0.4981
1129,0.8043,0.5206
1130,0.7707,0.4657
1131,0.6303,0.5768
1132,0.8532,0.5816
1133,0.8969,0.6476
1134,0.2901,0.414
1135,0.4485,0.4608
1136,0.4899,0.3669
1137,0.7296,0.6324
1138,0.6466,0.513
1139,0.6739,0.6233
1140,0.5115,0.5057
1141,0.5494,0.3632
1142,0.6109,0.5808
1143,0.7433,0.4783
1144,0.8401,0.7424
1146,0.7678,0.449
1147,0.5907,0.5679
1148,0.7074,0.6883
1149,0.6765,0.6078
1150,0.3457,0.4495
1151,0.6841,0.4537
1152,0.6024,0.1757
1153,0.5776,0.6991
1154,0.6981,0.3961
1155,0.7097,0.7303
1157,0.7318,0.4148
1158,0.7127,0.5603
1159,0.6723,0.6689
1160,0.6295,0.5527
1161,0.6653,0.5098
1163,0.6252,0.6173
1164,0.6877,0.5265
1165,0.5485,0.2908
1166,0.7454,0.7658
1167,0.7291,0.6791
1168,0.7417,0.5564
1169,0.5228,0.4597
1170,0.6441,0.6543
1171,0.526,0.6681
1172,0.6075,0.6612
1173,0.7903,0.7087
1174,0.6185,0.6553
1175,0.5837,0.6901
1176,0.3096,0.4039
1178,0.6609,0.6678
1179,0.6265,0.4286
1180,0.6823,0.4349
1181,0.578,0.533
1184,0.6076,0.3454
1185,0.6792,0.4552
1186,0.335,0.4526
1187,0.59,0.5101
1188,0.2625,0.391
1189,0.7119,0.6064
1190,0.3146,0.4461
1191,0.6086,0.5164
1192,0.674,0.6431
1193,0.6696,0.6036
1194,0.6694,0.6809
1195,0.7813,0.7462
1196,0.7108,0.6642
1197,0.5646,0.5363
1198,0.4248,0.451
1200,0.7605,0.5758
1201,0.949,0.6787
1203,0.8139,0.5812
1204,0.8356,0.7889
1205,0.915,0.7248
1206,0.7227,0.5381
1207,0.7043,0.5759
1208,0.9543,0.7518
1209,0.7588,0.592
1210,0.8366,0.8173
1211,0.7313,0.5568
1212,0.6009,0.5238
1213,0.8185,0.696
1214,0.8705,0.6869
1215,0.9103,0.6778
1217,0.8959,0.6869
1218,0.8597,0.6832
1219,0.7967,0.5671
1220,0.9283,0.686
1221,0.6784,0.5077
1222,0.9308,0.8412
1223,0.8962,0.7903
1224,0.3674,0.4419
1225,0.6148,0.5534
1226,0.5578,0.5137
1227,0.6743,0.4602
1228,0.6656,0.5333
1229,0.5797,0.4811
1230,0.5532,0.4901
1231,0.5254,0.3645
1232,0.6569,0.4602
1233,0.4174,0.4127
1234,0.6055,0.4746
1235,0.6198,0.5199
1236,0.4987,0.4527
1237,0.7163,0.5028
1238,0.5523,0.4831
1240,0.7267,0.6356
1241,0.6847,0.5482
1242,0.9248,0.6957
1243,0.4172,0.4793
1244,0.837,0.5461
1246,0.7142,0.6487
1249,0.7143,0.6314
1250,0.5465,0.4584
1251,0.8141,0.7243
1252,0.6545,0.4985
1253,0.9099,0.7376
1254,0.6785,0.6395
1256,0.7332,0.6363
1257,0.7791,0.6877
1258,0.3798,0.4679
1259,0.6952,0.5487
1260,0.5659,0.4544
1261,0.7732,0.599
1262,0.6785,0.5932
1264,0.7943,0.8019
1265,0.7267,0.5986
1266,0.9337,0.6351
1267,0.9456,0.5842
1268,0.8715,0.5665
1269,0.9685,0.675
1270,0.7881,0.4933
1271,0.9593,0.7648
1272,0.8815,0.5567
1273,0.9564,0.7831
1274,0.8326,0.755
1275,0.597,0.5704
1276,0.799,0.6898
1277,0.8861,0.5289
1278,0.8033,0.7391
1279,0.8959,0.5851
1280,0.8284,0.7427
1281,0.8712,0.5581
1282,0.8628,0.6823
1284,0.8168,0.5851
1285,0.7578,0.4549
1286,0.8619,0.6599
1287,0.8474,0.5131
1288,0.908,0.5951
1289,0.771,0.6279
1290,0.7845,0.6563
1291,0.9271,0.7415
1292,0.8287,0.6437
1293,0.7521,0.5398
1294,0.753,0.5905
1295,0.8853,0.5379
1296,0.8168,0.7815
1297,0.8897,0.5637
1298,0.8343,0.6382
1299,0.929,0.6423
1300,0.7758,0.7243
1301,0.8628,0.5229
1302,0.657,0.6274
1303,0.4797,0.5029
1304,0.8073,0.4671
1305,0.7575,0.459
1306,0.8426,0.514
1308,0.7903,0.5558
1309,0.9992,0.7453
1310,0.8301,0.5613
1311,0.9665,0.7498
1312,0.8362,0.6258
1313,0.996,0.7689
1314,1.0,0.7341
1315,0.5366,0.5558
1316,0.7394,0.6143
1317,0.9853,0.7903
1319,0.9864,0.7535
1320,0.9654,0.7255
1321,0.7701,0.4365
1322,0.9873,0.7659
1323,0.9665,0.8028
1324,0.9576,0.7978
1325,0.9306,0.8061
1326,0.8078,0.6109
1327,0.9609,0.6886
1328,0.9158,0.6881
1329,0.8843,0.5966
1330,0.9348,0.6867
1331,0.9265,0.7894
1333,0.5507,0.4959
1334,0.6627,0.5155
1335,0.8843,0.7975
1336,0.9341,0.8801
1337,0.8041,0.7447
1338,0.8534,0.5941
1339,0.8257,0.7816
1340,0.8976,0.6981
1341,0.8311,0.6066
1343,0.8351,0.7615
1344,0.947,0.8742
1345,0.9296,0.757
1346,0.9434,0.7801
1347,0.8948,0.6499
1348,0.9547,0.836
1349,0.9273,0.8431
1350,0.9517,0.8514
1351,0.701,0.8567
1352,0.851,0.8195
1353,0.7957,0.9204
1355,0.931,0.7524
1356,0.7954,0.6714
1357,0.7895,0.6582
1358,0.8677,0.7336
1392,0.6995,0.4058
1393,0.6165,0.4242
1394,0.6081,0.3834
1395,0.2513,0.3309
1396,0.3933,0.388
1397,0.3757,0.3959
1398,0.4936,0.3135
1399,0.6032,0.3911
1400,0.449,0.4002
1401,0.6427,0.391
1402,0.3218,0.3817
1403,0.4537,0.3898
1404,0.6933,0.4384
1405,0.5754,0.441
1406,0.6369,0.3266
1407,0.5883,0.4133
1408,0.4058,0.356
1409,0.3827,0.3617
1410,0.4342,0.4983
1411,0.521,0.5096
1412,0.9007,0.9314
1413,0.6671,0.5865
1414,0.7736,0.6236
1415,0.8785,0.7984
1416,0.8872,0.7717
1417,0.8831,0.8637
1419,0.856,0.834
1420,0.9096,0.8665
1421,0.8156,0.8281
1422,0.7232,0.616
1423,0.9084,0.7027
1425,0.7541,0.7013
1426,0.8592,0.8789
1427,0.7518,0.6964
1428,0.8451,0.8949
1429,0.8555,0.738
1430,0.5242,0.1941
1431,0.6428,0.2003
1438,0.6182,0.129
1439,0.2531,0.3072
1440,0.4043,0.4071
1443,0.2787,0.3232
1444,0.1945,0.2683
1445,0.2964,0.3623
1446,0.3625,0.3146
1447,0.422,0.4244
1448,0.2344,0.2809
1449,0.6626,0.4744
1453,0.2935,0.3252
1454,0.4679,0.412
1456,0.218,0.25
1457,0.1984,0.2812
1459,0.1919,0.2517
1461,0.3265,0.3311
1463,0.4822,0.4156
1464,0.3343,0.3212
1465,0.2478,0.3085
1467,0.2197,0.2941
1468,0.339,0.3663
1472,0.3395,0.3578
1473,0.6087,0.4638
1474,0.6529,0.4832
1475,0.1384,0.2087
1477,0.4948,0.4346
1478,0.6721,0.4858
1480,0.4179,0.3992
1481,0.3332,0.3263
1483,0.581,0.4609
1484,0.3628,0.3858
1486,0.572,0.4518
1488,0.3555,0.3646
1489,0.5369,0.4337
1490,0.431,0.3971
1491,0.3965,0.3928
1492,0.3993,0.3996
1493,0.2252,0.3054
1494,0.7508,0.5517
1495,0.4626,0.4176
1496,0.4022,0.3838
1500,0.3338,0.3607
1501,0.3707,0.3768
1504,0.6207,0.4674
1506,0.3791,0.2738
1507,0.5013,0.2559
1508,0.508,0.2405
1509,0.5381,0.2592
1510,0.6081,0.284
1511,0.5104,0.2609
1512,0.5619,0.2548
1518,0.5704,0.2953
1519,0.5816,0.3215
1520,0.6965,0.3226
1521,0.5204,0.2615
1522,0.7448,0.3757
1523,0.3492,0.4606
1525,0.5088,0.5071
1526,0.5942,0.522
1527,0.4465,0.4222
1528,0.7943,0.6677
1529,0.8458,0.561
1530,0.8099,0.7061
1532,0.7805,0.7146
1533,0.7963,0.6113
1534,0.8804,0.6792
1535,0.8018,0.5828
1536,0.8629,0.6189
1537,0.8993,0.7779
1539,0.6267,0.5405
1540,0.5918,0.5533
1541,0.9193,0.937
1542,0.9144,0.6548
1543,0.8942,0.7159
1544,0.8594,0.7051
1545,0.9303,0.7717
1546,0.8998,0.647
1547,0.9259,0.7342
1548,0.815,0.9063
1549,0.6335,0.4941
1550,0.7921,0.6963
1551,0.9432,0.7827
1552,0.9679,0.8957
1553,0.638,0.5786
1554,0.8506,0.6722
1555,0.7894,0.771
1556,0.8399,0.6579
1557,0.7878,0.6608
1558,0.8057,0.6535
1559,0.9002,0.936
1560,0.4295,0.4858
1561,0.8917,0.8781
1562,0.7337,0.6165
1563,0.5983,0.5842
1564,0.8617,0.8483
1565,0.776,0.6962
1566,0.8227,0.7218
1567,0.8817,0.934
1568,0.7504,0.7259
1569,0.8955,0.8638
1570,0.7989,0.6993
1571,0.8842,0.6634
1572,0.731,0.6562
1573,0.9135,0.7205
1574,0.8817,0.6146
1575,0.437,0.4496
1577,0.6241,0.5376
1578,0.7273,0.4987
1579,0.8017,0.7949
1580,0.9291,0.6961
1581,0.8783,0.6289
1582,0.9102,0.6378
1583,0.7963,0.5428
1584,0.906,0.6992
1585,0.9299,0.6098
1586,0.4776,0.4305
1587,0.849,0.6167
1588,0.798,0.526
1589,0.7022,0.5457
1590,0.8632,0.702
1591,0.9257,0.6803
1592,0.6802,0.5495
1593,0.9247,0.6282
1594,0.9077,0.6773
1595,0.7598,0.4785
1596,0.8415,0.6128
1597,0.3018,0.4433
1598,0.3612,0.4817
1599,0.5317,0.5337
1600,0.4351,0.4425
1601,0.1354,0.3252
1602,0.8638,0.7224
1603,0.6529,0.5927
1604,0.6601,0.6092
1605,0.948,0.7326
1606,0.875,0.7628
1607,0.9225,0.7718
1608,0.7004,0.5199
1609,0.6804,0.6664
1610,0.8032,0.5957
1611,0.7751,0.6341
1612,0.7455,0.5561
1613,0.9523,0.7319
1614,0.9131,0.7428
1615,0.5853,0.5817
1616,0.781,0.7318
1617,0.8836,0.8322
1618,0.7471,0.6538
1619,0.6863,0.5195
1620,0.3093,0.4511
1621,0.7897,0.6645
1622,0.8981,0.6767
1623,0.6663,0.5803
1624,0.7496,0.5575
1625,0.7531,0.6244
1626,0.9236,0.7395
1627,0.8369,0.6316
1628,0.7763,0.6733
1629,0.7646,0.623
1630,0.7535,0.7323
1631,0.7328,0.6007
1632,0.346,0.4937
1633,0.6969,0.6774
1634,0.7325,0.6293
1635,0.8965,0.785
1636,0.7486,0.7511
1637,0.8281,0.7882
1638,0.7227,0.751
1639,0.7612,0.6948
1640,0.8968,0.8162
1641,0.7446,0.7313
1642,0.7752,0.8838
1643,0.6813,0.5903
1644,0.8176,0.6366
1645,0.7285,0.7839
1646,0.8123,0.6841
1647,0.7816,0.7935
1648,0.84,0.8566
1649,0.7654,0.6936
1650,0.7443,0.7205
1651,0.7678,0.7926
1652,0.4659,0.6143
1653,0.7941,0.6867
1654,0.7643,0.7154
1655,0.838,0.6814
1656,0.7768,0.6798
1657,0.8762,0.7876
1658,0.7104,0.6935
1659,0.6548,0.5949
1660,0.9245,0.72
1661,0.7581,0.7763
1662,0.8329,0.7723
1663,0.7896,0.7497
1664,0.852,0.6761
1665,0.3852,0.5445
1666,0.7029,0.8258
1667,0.6009,0.5968
1668,0.4957,0.5286
1669,0.7231,0.4937
1670,0.7009,0.6308
1671,0.6763,0.62
1672,0.6125,0.3922
1673,0.5916,0.4174
1674,0.6122,0.5906
1675,0.6455,0.6459
1676,0.6859,0.4062
1678,0.8269,0.8288
1679,0.6893,0.6887
1680,0.7955,0.9359
1681,0.8098,0.9135
1682,0.7167,0.6354
1683,0.5943,0.6708
1685,0.8117,0.7146
1686,0.7661,0.6404
1687,0.725,0.733
1688,0.7465,0.8031
1689,0.7974,0.8495
1690,0.8431,0.7874
1691,0.7637,0.9032
1692,0.7613,0.5839
1693,0.7529,0.775
1694,0.7083,0.6834
1696,0.7441,0.7823
1697,0.7414,0.7057
1698,0.7781,0.898
1699,0.7337,0.6731
1700,0.6685,0.665
1701,0.773,0.4868
1702,0.8405,0.8635
1703,0.6979,0.7381
1704,0.6014,0.4973
1705,0.7071,0.7263
1706,0.6889,0.7834
1707,0.4696,0.518
1708,0.697,0.6211
1709,0.659,0.4868
1710,0.7473,0.7357
1711,0.8721,0.6162
1712,0.8694,0.6938
1714,0.8334,0.9198
1715,0.8687,0.6612
1717,0.7965,0.7903
1718,0.9163,0.804
1719,0.7197,0.655
1722,0.891,0.8274
1724,0.9765,0.7537
1725,0.9103,0.8396
1726,0.4298,0.5416
1727,0.9303,0.7484
1728,0.8585,0.6356
1730,0.8007,0.748
1731,0.7518,0.6712
1732,0.9092,0.9093
1733,0.8636,0.7472
1737,0.9127,0.8473
1738,0.8064,0.8315
1739,0.8709,0.977
1740,0.6236,0.7431
1741,0.9388,0.9399
1742,0.6073,0.7789
1743,0.868,0.9815
1744,0.8047,0.9658
1745,0.818,0.8226
1746,0.8905,0.9513
1747,0.8434,0.9031
1749,0.8931,0.9801
1750,0.8965,0.9378
1751,0.8814,0.9719
1752,0.7121,0.7539
1753,0.9152,0.92
1754,0.7389,0.93
1755,0.8801,0.83
1756,0.8069,0.9093
1757,0.8687,0.9519
1758,0.4298,0.5981
1759,0.7893,0.756
1760,0.6849,0.8145
1761,0.8897,0.9224
1762,0.8295,0.951
1764,0.4452,0.4155
1765,0.5902,0.5412
1766,0.8228,0.5689
1768,0.73,0.5196
1769,0.8293,0.6307
1770,0.7846,0.4756
1771,0.8904,0.6747
1773,0.9021,0.7784
1774,0.7415,0.819
1775,0.8774,0.6546
1776,0.8612,0.5679
1777,0.8576,0.6572
1778,0.6913,0.5458
1780,0.8224,0.6146
1781,0.9459,0.6078
1782,0.8128,0.5604
1783,0.3746,0.3898
1784,0.8783,0.8123
1785,0.7834,0.6251
1786,0.7081,0.4629
1787,0.7846,0.689
1788,0.7371,0.5298
1845,0.4028,0.4687
1846,0.7223,0.6276
1848,0.9022,0.8253
1849,0.857,0.8226
1850,0.9202,0.6196
1851,0.9496,0.8828
1852,0.8914,0.7418
1853,0.8958,0.7238
1854,0.9052,0.8229
1855,0.9443,0.862
1856,0.9056,0.8114
1857,0.8705,0.7431
1858,0.9408,0.691
1859,0.7995,0.6011
1860,0.8704,0.7765
1861,0.7236,0.5057
1862,0.892,0.7213
1863,0.5354,0.5394
1864,0.953,0.9266
1865,0.9767,0.8318
1868,0.9125,0.7161
1869,0.9074,0.6604
1870,0.892,0.9592
1871,0.9423,0.7048
1872,0.8465,0.8821
1873,0.8994,0.7155
1874,0.3061,0.4687
1875,0.5849,0.4715
1876,0.5707,0.5282
1877,0.4559,0.5102
1878,0.7973,0.4859
1879,0.643,0.5356
1880,0.7298,0.6683
1881,0.469,0.5247
1883,0.6352,0.529
1884,0.9269,0.7764
1885,0.7064,0.5169
1886,0.8534,0.6252
1887,0.8309,0.8949
1888,0.7568,0.7944
1889,0.8653,0.6891
1890,0.408,0.4466
1891,0.8514,0.8749
1892,0.9222,0.7977
1893,0.7016,0.7999
1894,0.8021,0.6451
1895,0.8202,0.6132
1896,0.9135,0.8132
1897,0.8637,0.7122
1898,0.8707,0.6651
1899,0.6951,0.5827
1900,0.8244,0.5461
1901,0.8357,0.7268
1902,0.8684,0.7941
1903,0.8821,0.7106
1904,0.7316,0.6496
1905,0.4754,0.5008
1906,0.5531,0.5955
1907,0.8996,0.7874
1908,0.9348,0.781
1909,0.9091,0.802
1910,0.8716,0.7513
1912,0.7177,0.5857
1915,0.8167,0.8988
1916,0.8196,0.882
1917,0.8142,0.7539
1918,0.9193,0.8774
1919,0.5262,0.5225
1920,0.6531,0.724
1921,0.8954,0.9081
1922,0.6492,0.6073
1923,0.9078,0.6338
1924,0.8263,0.9092
1925,0.9198,0.7983
1926,0.8081,0.9412
1927,0.7625,0.8514
1928,0.9019,0.875
1929,0.8882,0.8504
1930,0.7664,0.7304
1931,0.7748,0.7074
1932,0.8058,0.8043
1933,0.9088,0.947
1934,0.72,0.6921
1935,0.8961,0.9458
1936,0.5616,0.767
1937,0.7047,0.852
1938,0.8351,0.8653
1939,0.7321,0.7181
1940,0.8088,0.9457
1941,0.8247,0.7997
1942,0.7797,0.8832
1943,0.8558,0.948
1944,0.7819,0.7991
1945,0.857,0.9698
1947,0.8456,0.5654
1948,0.7596,0.7169
1949,0.8844,0.973
1950,0.7355,0.702
1951,0.8277,0.6797
1952,0.4176,0.5905
1954,0.7052,0.305
1955,0.5401,0.2455
1956,0.6116,0.2728
1957,0.5434,0.2404
1958,0.5731,0.187
1959,0.6392,0.2717
1960,0.6619,0.3017
1961,0.5329,0.2147
1962,0.5887,0.1897
1963,0.6016,0.2358
1965,0.6632,0.2562
1966,0.6778,0.2643
1967,0.6292,0.2552
1968,0.6085,0.2113
1969,0.6038,0.2634
1970,0.5784,0.1255
1971,0.2788,0.4008
1972,0.6832,0.4637
1973,0.7108,0.4585
1974,0.5739,0.4066
1975,0.7688,0.4541
1976,0.7555,0.4007
1977,0.3591,0.4496
1978,0.6361,0.4493
1979,0.3052,0.4273
1980,0.6034,0.4765
1981,0.6175,0.3722
1982,0.6386,0.4815
1983,0.6691,0.471
1984,0.786,0.4992
1985,0.6194,0.4997
1986,0.5081,0.4513
1987,0.6399,0.5376
1988,0.7417,0.44
1989,0.8049,0.4167
1990,0.6025,0.3857
1991,0.6502,0.449
1992,0.7262,0.4336
1993,0.5476,0.4022
1994,0.7467,0.4308
1995,0.5745,0.5391
1996,0.6871,0.4591
1997,0.7285,0.3962
1999,0.5695,0.4446
2000,0.4411,0.4257
2001,0.696,0.4041
2002,0.6356,0.4691
2004,0.4769,0.4688
2005,0.5705,0.4043
2006,0.5096,0.4044
2007,0.7822,0.5125
2008,0.6466,0.4462
2009,0.7291,0.4383
2010,0.5587,0.4386
2011,0.631,0.419
2012,0.7181,0.561
2015,0.8217,0.49
2017,0.7689,0.5906
2018,0.7919,0.6176
2019,0.6434,0.5062
2021,0.717,0.5656
2022,0.9584,0.6187
2023,0.8558,0.516
2024,0.5696,0.503
2025,0.6289,0.5689
2027,0.7243,0.468
2028,0.7934,0.6414
2030,0.7373,0.5943
2031,0.8151,0.4702
2032,0.4897,0.4565
2033,0.4514,0.4713
2034,0.6803,0.5638
2035,0.8268,0.5254
2036,0.7685,0.579
2037,0.9012,0.5938
2039,0.7899,0.5263
2040,0.5303,0.4138
2041,0.7239,0.6101
2042,0.8163,0.5573
2043,0.9344,0.7191
2044,0.4316,0.4904
2045,0.7061,0.4446
2046,0.7902,0.7756
2047,0.6026,0.4937
2048,0.6543,0.5043
2049,0.987,0.7469
2050,0.8147,0.7863
2051,0.7876,0.4329
2052,0.9041,0.6941
2053,0.8751,0.7012
2054,0.9682,0.7201
2055,0.8597,0.5232
2056,0.909,0.8926
2057,0.9128,0.7304
2058,0.9304,0.7064
2059,0.8526,0.6323
2060,0.6633,0.5735
2061,0.8003,0.827
2062,0.6603,0.5287
2063,0.4155,0.4855
2064,0.8274,0.6076
2065,0.9364,0.8071
2066,0.8739,0.6781
2067,0.933,0.8008
2068,0.8768,0.7498
2069,0.743,0.7136
2070,0.6955,0.4658
2072,0.8479,0.8384
2073,0.8208,0.5865
2074,0.6175,0.6881
2075,0.7858,0.8769
2076,0.721,0.8785
2077,0.82,0.8563
2078,0.9368,0.943
2079,0.8608,0.997
2080,0.8623,0.8454
2081,0.8579,0.7971
2082,0.8471,0.9488
2085,0.9024,0.9394
2087,0.8623,0.8929
2088,0.8479,0.8267
2089,0.8232,0.9122
2090,0.8386,0.9033
2091,0.8534,0.9556
2093,0.7926,0.8617
2094,0.9227,0.7884
2095,0.9023,0.9793
2096,0.9005,0.9661
2098,0.8719,0.8938
2100,0.7497,0.7784
2101,0.3919,0.4165
2105,0.7286,0.5033
2108,0.6146,0.4823
2109,0.6729,0.4524
2110,0.8241,0.6673
2111,0.7655,0.5571
2112,0.8767,0.6707
2113,0.7947,0.6047
2114,0.8333,0.6172
2116,0.9349,0.8243
2117,0.8264,0.708
2118,0.8379,0.6526
2119,0.3806,0.4435
2120,0.7457,0.5527
2121,0.8684,0.6467
2122,0.7082,0.754
2124,0.6317,0.4876
2125,0.9456,0.7139
2126,0.7827,0.5701
2127,0.9708,0.7443
2128,0.8896,0.6216
2129,0.8764,0.6851
2130,0.8065,0.7246
2131,0.7723,0.5028
2132,0.8514,0.7132
2133,0.896,0.7392
2134,0.8889,0.5844
2136,0.8263,0.6614
2137,0.8414,0.7622
2138,0.9434,0.6727
2139,0.8659,0.6681
2140,0.917,0.7527
2142,0.9275,0.7552
2143,0.8711,0.7304
2144,0.3449,0.4222
2145,0.8708,0.4378
2146,0.6028,0.3178
2148,0.6616,0.3473
2149,0.7691,0.508
2150,0.8372,0.7372
2151,0.7882,0.4189
2152,0.9281,0.725
2153,0.793,0.6071
2154,0.8626,0.5801
2155,0.7386,0.5161
2156,0.9587,0.6968
2157,0.8768,0.5972
2158,0.7607,0.4288
2159,0.9104,0.686
2160,0.9475,0.6668
2161,0.3382,0.4364
2162,0.9446,0.6826
2163,0.8211,0.5463
2164,0.407,0.4271
2165,0.6249,0.5105
2167,0.6135,0.5621
2168,0.6595,0.5892
2169,0.493,0.5153
2171,0.7845,0.6163
2172,0.8444,0.7977
2173,0.6831,0.6184
2174,0.8075,0.5859
2175,0.9131,0.7505
2176,0.8536,0.6066
2177,0.6312,0.4763
2178,0.9161,0.6678
2179,0.7721,0.6674
2180,0.8278,0.5483
2181,0.9186,0.7893
2182,0.7945,0.6599
2183,0.7431,0.5391
2184,0.8456,0.7482
2185,0.8946,0.8038
2186,0.6366,0.5074
2187,0.7657,0.6269
2188,0.6073,0.513
2189,0.7162,0.509
2190,0.2799,0.384
2191,0.6408,0.6039
2192,0.5519,0.5272
2193,0.4191,0.3588
2194,0.6174,0.5842
2195,0.7812,0.724
2196,0.7827,0.8635
2197,0.876,0.8114
2198,0.8474,0.7627
2199,0.6916,0.6528
2200,0.8,0.6345
2201,0.7685,0.7224
2202,0.6715,0.677
2203,0.6215,0.6043
2204,0.779,0.7011
2205,0.8579,0.5863
2206,0.764,0.742
2207,0.9087,0.7674
2208,0.7172,0.6702
2210,0.3555,0.4633
2211,0.7253,0.4094
2212,0.7715,0.6141
2213,0.8682,0.7489
2215,0.6791,0.5801
2216,0.3479,0.2698
2217,0.4483,0.2691
2218,0.5701,0.2988
2219,0.5433,0.2931
2220,0.4204,0.2694
2221,0.4172,0.2635
2222,0.5062,0.2599
2223,0.5689,0.2876
2224,0.5135,0.3388
2225,0.5891,0.3075
2226,0.3623,0.2564
2227,0.4775,0.317
2228,0.4411,0.3556
2229,0.5527,0.2742
2230,0.6192,0.3844
2231,0.5767,0.4221
2232,0.5667,0.3622
2233,0.5951,0.3536
2234,0.6897,0.3513
2235,0.5567,0.4097
2236,0.5324,0.3042
2237,0.4851,0.44
2238,0.4533,0.2223
2241,0.551,0.2631
2242,0.3169,0.2462
2243,0.4564,0.2677
2244,0.606,0.1564
2245,0.5252,0.2476
2248,0.5518,0.2379
2249,0.6336,0.2073
2250,0.5798,0.1523
2251,0.421,0.521
2252,0.5587,0.5361
2253,0.7995,0.5315
2254,0.9296,0.8898
2255,0.8676,0.8385
2256,0.9433,0.9121
2257,0.903,0.7921
2258,0.8715,0.8896
2259,0.8896,0.8148
2260,0.949,0.8117
2262,0.7678,0.9281
2264,0.8121,0.7499
2265,0.8218,0.9667
2266,0.9026,0.9467
2267,0.9028,0.758
2268,0.9561,0.8582
2269,0.876,0.7971
2270,0.8428,0.8531
2271,0.9102,0.9144
2272,0.7428,0.6988
2274,0.7191,0.7488
2275,0.3414,0.4693
2276,0.7715,0.5406
2278,0.7594,0.4671
2279,0.4959,0.4424
2280,0.5863,0.5186
2281,0.4063,0.5457
2282,0.47,0.4819
2286,0.5789,0.6002
2287,0.7102,0.5703
2288,0.5742,0.4698
2289,0.5828,0.5161
2292,0.7711,0.7095
2293,0.7976,0.5022
2294,0.782,0.7854
2295,0.7193,0.7128
2296,0.7184,0.688
2297,0.777,0.4767
2298,0.8223,0.5898
2299,0.7402,0.6669
2300,0.7931,0.5801
2301,0.7561,0.6359
2302,0.7435,0.7402
2303,0.7273,0.5322
2304,0.7859,0.5873
2305,0.7705,0.7608
2307,0.7576,0.7367
2308,0.8707,0.7092
2309,0.8406,0.6639
2310,0.7619,0.5734
2311,0.6431,0.5134
2312,0.3914,0.5448
2314,0.7516,0.6294
2315,0.8281,0.6889
2316,0.7868,0.5365
2317,0.7863,0.7576
2318,0.4524,0.4208
2320,0.5326,0.4544
2321,0.9105,0.589
2322,0.8327,0.6339
2323,0.9408,0.8032
2324,0.8068,0.4619
2325,0.8302,0.5048
2326,0.8644,0.5384
2327,0.7789,0.5419
2328,0.7221,0.7155
2329,0.8586,0.4795
2330,0.8694,0.5763
2332,0.8456,0.675
2333,0.6706,0.5152
2334,0.692,0.442
2335,0.659,0.4327
2336,0.6596,0.4489
2337,0.4299,0.4192
2338,0.5259,0.3202
2339,0.6143,0.3496
2340,0.681,0.3885
2341,0.6133,0.2392
2342,0.7633,0.3848
2343,0.6464,0.3384
2344,0.2526,0.1468
2345,0.5953,0.1053
2348,0.5483,0.1396
2349,0.5696,0.126
2351,0.1187,0.2876
2352,0.0288,0.222
2353,0.0138,0.1962
2354,0.1259,0.3111
2355,0.0169,0.1773
2356,0.1914,0.3762
2357,0.0232,0.2025
2358,0.0273,0.2113
2359,0.0538,0.2219
2360,0.0792,0.2194
2361,0.0637,0.2087
2362,0.2328,0.3008
2363,0.1814,0.3119
2364,0.0387,0.2278
2365,0.0493,0.2301
2366,0.1221,0.303
2367,0.2335,0.3654
2368,0.191,0.3585
2369,0.1196,0.308
2370,0.1396,0.2283
2371,0.2043,0.3176
2372,0.0823,0.2223
2373,0.0382,0.2029
2374,0.0708,0.2577
2375,0.0748,0.2618
2376,0.1255,0.267
2377,0.1018,0.2182
2378,0.1158,0.3117
2379,0.1122,0.2906
2380,0.1853,0.3516
2381,0.169,0.3474
2382,0.1241,0.2711
2383,0.2312,0.3593
2384,0.2009,0.3596
2385,0.2029,0.3798
2386,0.2188,0.3783
2387,0.1751,0.3484
2388,0.1681,0.3534
2389,0.1813,0.3647
2390,0.2137,0.3742
2391,0.2609,0.4005
2392,0.3183,0.3649
2393,0.3464,0.3636
2395,0.3956,0.4024
2398,0.2261,0.3662
2399,0.1083,0.2831
2400,0.1121,0.3006
2401,0.2483,0.4024
2402,0.2367,0.3843
2403,0.3241,0.3556
2404,0.2063,0.3562
2405,0.108,0.2518
2406,0.2341,0.3383
2407,0.2467,0.361
2408,0.2632,0.3797
2409,0.2674,0.3669
2410,0.3238,0.3597
2411,0.2578,0.3224
2412,0.1826,0.3018
2416,0.2292,0.3104
2422,0.3134,0.3734
2423,0.0234,0.2108
2424,0.0937,0.274
2425,0.1313,0.3133
2426,0.0961,0.2738
2427,0.0487,0.2247
2428,0.1735,0.3539
2429,0.1608,0.3455
2430,0.2041,0.3492
2431,0.2191,0.3467
2432,0.2541,0.3704
2433,0.2161,0.3596
2434,0.151,0.321
2435,0.2258,0.3736
2436,0.1226,0.2831
2437,0.2247,0.2973
2439,0.0422,0.2
2440,0.0117,0.1822
2441,0.0209,0.1574
2442,0.0088,0.108
2443,0.012,0.1599
2444,0.0084,0.0624
2445,0.2589,0.3579
2446,0.224,0.3492
2447,0.1673,0.2898
2449,0.2757,0.3598
2450,0.2033,0.3761
2451,0.2175,0.3722
2452,0.216,0.3808
2453,0.2228,0.3824
2454,0.1521,0.325
2455,0.2302,0.3922
2456,0.0,0.1662
2457,0.0035,0.1893
2458,0.0122,0.1874
2459,0.016,0.189
2460,0.0268,0.1908
2461,0.0156,0.2095
2462,0.1762,0.207
2463,0.2484,0.2874
2464,0.184,0.2312
2465,0.3258,0.3401
2466,0.2384,0.2679
2467,0.2475,0.2587
2468,0.1073,0.2091
2469,0.2412,0.2267
2470,0.1947,0.2035
2471,0.2325,0.2263
2472,0.2872,0.306
2473,0.2269,0.2443
2474,0.2055,0.2866
2475,0.1271,0.2257
2476,0.0618,0.1065
2477,0.1052,0.2116
2478,0.3224,0.3095
2479,0.0254,0.0506
2480,0.0749,0.0778
2481,0.1083,0.1576
2482,0.1704,0.2193
2483,0.2308,0.2297
2484,0.1482,0.22
2485,0.0332,0.0467
2486,0.0243,0.0362
2487,0.181,0.2016
2488,0.0352,0.0542
2489,0.0522,0.0855
2490,0.1264,0.1802
2491,0.2396,0.2618
2492,0.2595,0.2543
2493,0.2718,0.2797
2494,0.0344,0.063
2495,0.0364,0.074
2496,0.2172,0.2403
2497,0.0747,0.1008
2498,0.2549,0.2782
2499,0.1933,0.2296
2500,0.2371,0.2747
2501,0.2227,0.2664
2502,0.15,0.2145
2503,0.0909,0.1145
2504,0.2889,0.3237
2505,0.0832,0.1873
2506,0.0459,0.1103
2507,0.0958,0.2082
2508,0.1233,0.1676
2509,0.0564,0.0543
2510,0.062,0.1593
2511,0.2792,0.2777
2512,0.1455,0.1922
2513,0.2841,0.2646
2514,0.114,0.1844
2515,0.232,0.2151
2516,0.2076,0.2282
2517,0.1467,0.1802
2518,0.0822,0.1553
2519,0.0694,0.1495
2520,0.1741,0.2144
2521,0.1297,0.2156
2522,0.0775,0.1409
2523,0.2245,0.2248
2524,0.1941,0.2649
2525,0.2101,0.2182
2526,0.2586,0.2941
2527,0.0673,0.0642
2528,0.1616,0.1916
2529,0.1114,0.1945
2530,0.2164,0.229
2531,0.1806,0.1926
2532,0.0771,0.1351
2533,0.0786,0.1053
2534,0.2112,0.2366
2535,0.0139,0.0442
2536,0.0392,0.0706
2537,0.0167,0.0898
2538,0.183,0.2146
2539,0.0514,0.1287
2540,0.0312,0.0672
2541,0.0208,0.0504
2542,0.0483,0.0923
2543,0.0094,0.046
2544,0.0235,0.03
2545,0.0171,0.0374
2546,0.211,0.2313
2547,0.3429,0.3964
2548,0.2164,0.2815
2549,0.1051,0.1782
2550,0.2609,0.3153
2551,0.205,0.2136
2552,0.2575,0.3043
2553,0.2512,0.2913
2554,0.2907,0.302
2555,0.1934,0.2098
2556,0.2289,0.2552
2557,0.0992,0.1903
2558,0.0473,0.0724
2559,0.0353,0.0399
2560,0.137,0.1928
2561,0.1088,0.1724
2562,0.197,0.2313
2563,0.0711,0.066
2564,0.0616,0.0693
2565,0.1757,0.2011
2566,0.1362,0.1897
2567,0.0563,0.1068
2568,0.2193,0.221
2569,0.1994,0.2116
2570,0.2748,0.2971
2571,0.3361,0.359
2572,0.2835,0.2613
2573,0.0555,0.1516
2574,0.0833,0.1634
2575,0.236,0.2363
2576,0.2005,0.2167
2577,0.1177,0.1903
2578,0.1296,0.1861
2579,0.1055,0.1828
2580,0.2122,0.2222
2581,0.2195,0.2088
2582,0.293,0.2802
2583,0.1197,0.1786
2584,0.1978,0.2232
2585,0.2366,0.2449
2586,0.2885,0.2781
2587,0.2263,0.2577
2588,0.3362,0.34
2589,0.1265,0.1734
2590,0.2077,0.2657
2591,0.4192,0.3925
2592,0.2177,0.2987
2593,0.6661,0.4909
2595,0.5034,0.4256
2596,0.3926,0.3831
2597,0.3584,0.3607
2598,0.4977,0.4282
2599,0.128,0.1953
2600,0.2444,0.3469
2601,0.3916,0.4314
2602,0.2236,0.2831
2604,0.2542,0.3141
2605,0.1016,0.171
2606,0.2801,0.35
2607,0.434,0.412
2618,0.8783,0.6417
2619,0.6047,0.4849
2620,0.5317,0.4225
2621,0.4864,0.3688
2644,0.3618,0.3823
2646,0.3281,0.3921
2647,0.5316,0.4925
2648,0.4107,0.3949
2649,0.3459,0.3572
2651,0.2121,0.2917
2652,0.4348,0.3932
2710,0.6517,0.5337
2808,0.3912,0.3742
2809,0.5449,0.5532
2813,0.5752,0.3927
2814,0.3061,0.3452
2872,0.5948,0.1988
2876,0.4229,0.661
2879,0.4884,0.2513
2880,0.5482,0.2048
2881,0.4784,0.7375
2882,0.5207,0.2726
2883,0.6359,0.4641
2884,0.597,0.5604
2885,0.5826,0.5526
2886,0.679,0.4176
2887,0.3829,0.5671
3005,0.5876,0.5803
3007,0.6396,0.5765
3009,0.4715,0.5657
3011,0.5367,0.5119
3012,0.8196,0.6017
3013,0.3683,0.381
