month,Аграрные районы,Промышленные и крупные города,Районы бюджетной экономики,Ресурсные территории Севера и Востока,Столичные агломерации и центры услуг,Транспортные узлы,σ лог-трат между МО,η² типа
2023-01,-12.12,11.54,-13.94,38.77,76.44,1.05,0.2907,0.7335
2023-02,-12.61,8.57,-13.56,42.93,69.91,3.01,0.2792,0.7167
2023-03,-13.47,10.24,-13.83,42.01,72.91,3.64,0.2873,0.7223
2023-04,-14.54,13.87,-14.23,43.97,85.05,2.63,0.3157,0.7307
2023-05,-14.61,14.75,-14.44,47.85,85.0,3.34,0.3164,0.7262
2023-06,-14.71,14.06,-14.2,51.89,84.2,3.3,0.3207,0.7081
2023-07,-15.53,13.99,-14.63,51.44,82.38,3.33,0.323,0.7037
2023-08,-14.86,14.9,-14.07,49.29,83.5,1.83,0.3253,0.7078
2023-09,-15.01,17.67,-14.07,44.19,89.09,2.9,0.3303,0.7195
2023-10,-14.44,17.52,-15.06,41.58,90.94,1.6,0.3345,0.7229
2023-11,-14.36,18.37,-15.02,38.1,90.7,0.5,0.3283,0.7299
2023-12,-14.81,15.37,-13.89,38.17,83.14,0.61,0.3176,0.7057
2024-01,-14.46,19.62,-14.9,42.28,93.23,1.44,0.3309,0.7462
2024-02,-14.7,16.19,-14.35,40.48,85.35,1.33,0.3147,0.7312
2024-03,-14.84,16.35,-14.8,41.9,86.43,2.72,0.3199,0.732
2024-04,-14.66,16.66,-14.13,41.07,85.44,1.79,0.316,0.7342
2024-05,-15.04,17.13,-14.02,42.5,86.59,2.99,0.3204,0.7289
2024-06,-15.72,16.85,-14.13,45.41,84.85,3.88,0.3232,0.7135
2024-07,-15.76,16.11,-14.6,45.36,83.14,1.81,0.3273,0.7029
2024-08,-15.92,16.49,-14.91,43.08,81.29,2.19,0.3267,0.7018
2024-09,-16.39,17.71,-15.07,39.55,85.87,0.32,0.3318,0.7145
2024-10,-14.69,18.17,-15.08,36.98,86.06,1.18,0.3266,0.7159
2024-11,-15.41,19.61,-15.54,34.63,87.37,1.33,0.3302,0.7257
2024-12,-15.82,16.58,-15.3,36.58,83.58,0.3,0.3264,0.708
