type,description,closure_size,precision,coverage,extent,stability,type_name
0,зарплата: верхняя четверть И доступность рынков: верхняя четверть И занятость в добыче: выше медианы,10,0.9874476987447699,0.7814569536423841,239,0.24,Столичные агломерации и центры услуг
0,доля маркетплейсов: нижняя четверть И зарплата: верхняя четверть И доступность рынков: верхняя четверть,22,0.9915966386554622,0.39072847682119205,119,0.45666666666666667,Столичные агломерации и центры услуг
0,зарплата: верхняя четверть И доля горожан: верхняя четверть И доступность рынков: верхняя четверть,13,0.9798387096774194,0.804635761589404,248,0.3566666666666667,Столичные агломерации и центры услуг
1,зарплата: верхняя четверть И занятость в добыче: выше медианы И занятость в промышленности: ниже медианы,5,0.9523809523809523,0.20833333333333334,42,0.67,Ресурсные территории Севера и Востока
1,доля маркетплейсов: нижняя четверть И зарплата: верхняя четверть И население: нижняя четверть,6,0.9411764705882353,0.25,51,0.73,Ресурсные территории Севера и Востока
1,доля маркетплейсов: нижняя четверть И зарплата: верхняя четверть И доля горожан: ниже медианы,5,0.9361702127659575,0.22916666666666666,47,0.7433333333333333,Ресурсные территории Севера и Востока
2,доля горожан: верхняя четверть И занятость в добыче: нижняя четверть И занятость в промышленности: верхняя четверть,6,0.9008264462809917,0.29380053908355797,121,0.5133333333333333,Промышленные и крупные города
2,доля горожан: верхняя четверть И занятость в промышленности: выше медианы И занятость в транспорте: ниже медианы,4,0.8901098901098901,0.2183288409703504,91,0.8366666666666667,Промышленные и крупные города
2,доля горожан: верхняя четверть И занятость в промышленности: верхняя четверть И городской округ,5,0.8843537414965986,0.3504043126684636,147,1.0,Промышленные и крупные города
3,траты на жителя: выше медианы И доля общепита: ниже медианы И занятость в транспорте: верхняя четверть,4,0.8035714285714286,0.24324324324324326,56,0.82,Транспортные узлы
3,доля общепита: ниже медианы И доступность рынков: нижняя четверть И занятость в транспорте: верхняя четверть,5,0.7666666666666667,0.24864864864864866,60,1.0,Транспортные узлы
3,доля общепита: ниже медианы И занятость в промышленности: выше медианы И занятость в транспорте: верхняя четверть,4,0.7586206896551724,0.23783783783783785,58,1.0,Транспортные узлы
4,траты на жителя: ниже медианы И занятость в сельском хозяйстве: ниже медианы И занятость в бюджетном секторе: верхняя четверть,4,0.9852941176470589,0.32315112540192925,204,0.41,Районы бюджетной экономики
4,траты на жителя: ниже медианы И занятость в сельском хозяйстве: нижняя четверть И занятость в бюджетном секторе: верхняя четверть,5,0.9852216748768473,0.3215434083601286,203,0.8933333333333333,Районы бюджетной экономики
4,зарплата: нижняя четверть И занятость в сельском хозяйстве: ниже медианы И занятость в бюджетном секторе: верхняя четверть,5,0.987012987012987,0.24437299035369775,154,0.3466666666666667,Районы бюджетной экономики
5,траты на жителя: нижняя четверть И доступность рынков: выше медианы И занятость в сельском хозяйстве: верхняя четверть,5,0.8938053097345132,0.2936046511627907,113,0.9666666666666667,Аграрные районы
5,доля общепита: нижняя четверть И доступность рынков: выше медианы И занятость в сельском хозяйстве: верхняя четверть,5,0.8775510204081632,0.25,98,0.62,Аграрные районы
5,траты на жителя: ниже медианы И занятость в сельском хозяйстве: верхняя четверть И занятость в бюджетном секторе: ниже медианы,4,0.8536585365853658,0.30523255813953487,123,1.0,Аграрные районы
