pattern,n,order
0,118,общепит > здоровье > транспорт > маркетплейсы > продовольствие
5,98,общепит > транспорт > здоровье > маркетплейсы > продовольствие
7,68,транспорт > общепит > здоровье > маркетплейсы > продовольствие
61,59,маркетплейсы > продовольствие > здоровье > транспорт > общепит
129,49,продовольствие > маркетплейсы > здоровье > транспорт > общепит
60,46,маркетплейсы > продовольствие > здоровье > общепит > транспорт
54,43,маркетплейсы > здоровье > продовольствие > транспорт > общепит
130,40,продовольствие > маркетплейсы > общепит > транспорт > здоровье
128,40,продовольствие > маркетплейсы > здоровье > общепит > транспорт
59,39,маркетплейсы > продовольствие > общепит > здоровье > транспорт
2,37,здоровье > общепит > транспорт > маркетплейсы > продовольствие
14,36,транспорт > общепит > маркетплейсы > здоровье > продовольствие
64,36,маркетплейсы > продовольствие > транспорт > здоровье > общепит
69,35,общепит > транспорт > здоровье > продовольствие > маркетплейсы
70,35,транспорт > общепит > здоровье > продовольствие > маркетплейсы
126,35,продовольствие > маркетплейсы > общепит > здоровье > транспорт
123,35,продовольствие > здоровье > маркетплейсы > транспорт > общепит
112,32,продовольствие > здоровье > транспорт > маркетплейсы > общепит
133,32,продовольствие > маркетплейсы > транспорт > здоровье > общепит
62,27,маркетплейсы > продовольствие > общепит > транспорт > здоровье
63,26,маркетплейсы > продовольствие > транспорт > общепит > здоровье
52,26,здоровье > маркетплейсы > продовольствие > транспорт > общепит
66,25,общепит > здоровье > транспорт > продовольствие > маркетплейсы
132,24,продовольствие > маркетплейсы > транспорт > общепит > здоровье
39,22,маркетплейсы > общепит > транспорт > продовольствие > здоровье
53,22,маркетплейсы > здоровье > продовольствие > общепит > транспорт
110,20,продовольствие > транспорт > общепит > здоровье > маркетплейсы
32,20,здоровье > маркетплейсы > транспорт > продовольствие > общепит
