month,alpha
2023-01,0.0
2023-02,0.5027278765242298
2023-03,0.5288516924280658
2023-04,0.5286728986454898
2023-05,0.533196440537674
2023-06,0.5472144248890201
2023-07,0.5514703841931525
2023-08,0.5565062154714728
2023-09,0.5456274475860331
2023-10,0.5301148139842206
2023-11,0.5530242514587878
2023-12,0.5538471177736447
2024-01,0.5752196076308926
2024-02,0.5594234580884904
2024-03,0.5464676206863353
2024-04,0.5545555908420726
2024-05,0.5511694332525101
2024-06,0.5541259037855599
2024-07,0.5575782664606223
2024-08,0.5676054353227128
2024-09,0.551622229803354
2024-10,0.5493405853069544
2024-11,0.5645989844106587
2024-12,0.5648957275948984
