type_start,type_end,n,examples,level_change_pct
Столичные агломерации и центры услуг,Промышленные и крупные города,15,"Лермонтов, Жуковский, Тарусский, Гатчинский, Кировский, Тосненский",5.090968377717187
Промышленные и крупные города,Столичные агломерации и центры услуг,14,"Красноярск, Владивостокский, Хабаровск, Иркутск, Калининград, Гурьевский",4.363179723939147
Транспортные узлы,Ресурсные территории Севера и Востока,12,"Сортавальский, Верхнеколымский, Могочинский, Артемовский, Дальнереченский, Спасск-Дальний",4.104696942505425
Районы бюджетной экономики,Аграрные районы,9,"Ардатовский, Черемшанский, Киясовский, Родинский, Табунский, Куртамышский",-4.1995731934676535
Промышленные и крупные города,Районы бюджетной экономики,6,"Агидель, Ядринский, Ахтубинский, Мамоновский, Верхнекамский, Духовщинский",-7.406935287222144
Аграрные районы,Районы бюджетной экономики,3,"Первомайский, Славский, Крутинский",3.8733303327163737
Ресурсные территории Севера и Востока,Промышленные и крупные города,3,"Учалинский, Жигаловский, Полярные Зори",3.5549241324722036
Транспортные узлы,Районы бюджетной экономики,3,"Юрьянский, Алапаевск, Асиновский",-6.673775966750672
Районы бюджетной экономики,Ресурсные территории Севера и Востока,3,"Майминский, Мегино-Кангаласский, Ульчский",13.921903421892212
Промышленные и крупные города,Ресурсные территории Севера и Востока,3,"Каларский, Уссурийский, Невьянский",5.355996421920639
Транспортные узлы,Промышленные и крупные города,2,"Мариинский, Тогучинский",4.667042181357816
Ресурсные территории Севера и Востока,Районы бюджетной экономики,2,"Малышевский, Пластовский",-9.458529523462788
Аграрные районы,Промышленные и крупные города,2,"Минераловодский, Искитимский",6.322803497891827
Ресурсные территории Севера и Востока,Аграрные районы,2,"Игринский, Каракулинский",-5.928337240972886
Транспортные узлы,Аграрные районы,2,"Сармановский, Курагинский",-4.749498351394605
Промышленные и крупные города,Аграрные районы,1,Слободской,-10.276669233226377
Аграрные районы,Столичные агломерации и центры услуг,1,Приозерский,10.35160525341734
Районы бюджетной экономики,Промышленные и крупные города,1,Конаковский,6.628596913713358
Районы бюджетной экономики,Транспортные узлы,1,Ольховский,-3.686593056052956
Районы бюджетной экономики,Столичные агломерации и центры услуг,1,Светлогорский,16.89177705085538
Промышленные и крупные города,Транспортные узлы,1,Абакан,1.9002456414041635
Ресурсные территории Севера и Востока,Столичные агломерации и центры услуг,1,Сургут,0.44216841350306346
