SW,CH,S_Dbw,AVI,AVU,ANUI,MQ,MQ_Mancoridis,density_modularity,month,variant
0.26556832456836527,615.9846024576588,0.5410013176322904,0.46631371774031916,0.5185079875709273,0.3755181623569571,0.3128220702268293,2.797882306441915,16.403160506648128,2023-01,независимо по месяцам
0.26421113705539406,608.2121462701647,0.565314865418428,0.46913018071249163,0.5155835367599645,0.3777593391818388,0.3145937896590674,2.8147810842749497,16.652061204206817,2023-02,независимо по месяцам
0.2652649098206663,609.0067711986138,0.5642498434157436,0.470835671975079,0.518674370394194,0.3784212650805835,0.316982975637501,2.8250140318504737,16.747326378813206,2023-03,независимо по месяцам
0.2648452213037536,610.0394247142391,0.5625154083507503,0.46980238872299473,0.5179585981424729,0.37785567415282845,0.3163177856097699,2.8188143323379684,16.37676256571762,2023-04,независимо по месяцам
0.26318876422510035,611.6470433955365,0.5573277628960804,0.46773614959548754,0.5194035375749857,0.3763131893409172,0.3141971378618086,2.8064168975729253,15.815315268663754,2023-05,независимо по месяцам
0.2633223410412732,613.4017857982432,0.5538031183562514,0.47231992230223563,0.5172046518098631,0.3795911061953833,0.3158026518516236,2.8339195338134138,16.083899787183324,2023-06,независимо по месяцам
0.2625819785461551,612.1150319129272,0.5553641142439477,0.48364228938052034,0.5184405991610185,0.3866849763981937,0.32563414058559964,2.901853736283122,16.535544283716924,2023-07,независимо по месяцам
0.2626583036290382,610.1602251629231,0.555704216879859,0.4861158179291456,0.5193239747806603,0.388131420332945,0.3299215123674675,2.9166949075748736,16.573971436922236,2023-08,независимо по месяцам
0.26196538065955177,611.3329158415434,0.554615816503722,0.4866924311160417,0.5303702608931256,0.38683881434251083,0.3340426713615562,2.9201545866962504,16.125271753684476,2023-09,независимо по месяцам
0.2630751089832133,614.5293120418753,0.5509620673773495,0.47783631425885,0.537845213792498,0.3801396687628634,0.32967893689723643,2.8670178855531,15.043189038271727,2023-10,независимо по месяцам
0.26171314267739004,615.057828617022,0.5518311234355366,0.46911455763947735,0.5411024584602336,0.3741425673549978,0.3187062254868214,2.814687345836864,15.176703960154398,2023-11,независимо по месяцам
0.2623382784782174,614.0639337525683,0.554846899533869,0.47175998034126754,0.5337557054612917,0.3768639190638618,0.31815978134864514,2.8305598820476052,15.213379340348197,2023-12,независимо по месяцам
0.262272308334109,614.806824543813,0.5550443268249476,0.47490588854699417,0.5332808676334373,0.3789369814960372,0.31640766707494106,2.849435331281965,16.16609450686173,2024-01,независимо по месяцам
0.2626497402893606,616.5270853380385,0.5558758581466774,0.47332102226926326,0.5320742062127549,0.3780996781974014,0.31574693219863276,2.8399261336155797,15.688707497024192,2024-02,независимо по месяцам
0.2636278549823756,619.4701109403474,0.5528261646642298,0.47535377399978823,0.5370338495513433,0.37868313833417894,0.32133983311611786,2.8521226439987295,15.253640038853007,2024-03,независимо по месяцам
0.26188945365757454,614.1493050222006,0.5567317448995159,0.4733932506947968,0.5322610195593901,0.3781190557023493,0.31891235128576195,2.840359504168781,15.426811130575025,2024-04,независимо по месяцам
0.26147828715913535,613.6995478361578,0.5569047766632664,0.474647386524399,0.5330811024158634,0.3788010433955861,0.32071892614784503,2.847884319146394,15.484948804143533,2024-05,независимо по месяцам
0.26244341288284057,613.7856772020955,0.5549737787554386,0.47433297288810977,0.5298565588417118,0.37906352876979865,0.3208729035207364,2.8459978373286585,15.620916231872734,2024-06,независимо по месяцам
0.26235861784972253,614.9746106345096,0.5530771272049714,0.47687944230653284,0.5273543014185719,0.38105104044435806,0.3230576995522076,2.861276653839197,15.814304719528705,2024-07,независимо по месяцам
0.2613030488072764,611.6786361733477,0.5554192223604199,0.4813311253736236,0.528597863725729,0.38370486466288534,0.3252896113445324,2.8879867522417415,16.340410874360593,2024-08,независимо по месяцам
0.26106289795392085,612.932244350827,0.5536257980496613,0.4844419430720536,0.5317357761661547,0.3852129657754934,0.3319807026983987,2.9066516584323216,16.065424742915994,2024-09,независимо по месяцам
0.26076792350960326,610.1519622918984,0.5567679514160799,0.47848490183917397,0.5366394116994396,0.3807247417403252,0.327584660067986,2.870909411035044,15.666712902840565,2024-10,независимо по месяцам
0.26111120406230315,612.8994981796,0.5540068686432955,0.47340134888773105,0.5368326613806376,0.3774717063383896,0.3185484728685277,2.840408093326386,16.022052836083056,2024-11,независимо по месяцам
0.2608160544025817,612.3100332554238,0.5551317500619308,0.4773078247142748,0.531573662527828,0.380711960909415,0.31808168727787733,2.863846948285649,16.344395096583792,2024-12,независимо по месяцам
0.2626134576878105,609.2336601639245,0.5633869873251005,0.4671272654696965,0.5195465567854111,0.37589875646037174,0.3136409885849021,2.802763592818179,16.472526735809538,2023-01,"эволюционный KEFRiN, α=0.25"
0.26242305503369867,606.5588323020828,0.56583592903926,0.47199427768969776,0.5152001079369958,0.37966947973172155,0.31628318890995843,2.8319656661381867,16.791802303302877,2023-02,"эволюционный KEFRiN, α=0.25"
0.262132933596883,606.468760636203,0.5658080721807391,0.4744413429070375,0.5181577819810007,0.38082182827393096,0.3191442283538596,2.846648057442225,16.92537556170773,2023-03,"эволюционный KEFRiN, α=0.25"
0.26187968880804396,607.8238400897443,0.5640629812832313,0.4734811744990533,0.5180126006008821,0.3802239459318741,0.31810101350108283,2.84088704699432,16.55186833213656,2023-04,"эволюционный KEFRiN, α=0.25"
0.26198116069739436,612.0026271461929,0.5566339351788431,0.4704956714620551,0.5186914876690393,0.3781991554370198,0.3150357954567101,2.8229740287723306,15.97290812779678,2023-05,"эволюционный KEFRiN, α=0.25"
0.26142088697961574,612.1166373193565,0.554519382718953,0.47329392792521396,0.5163087473199023,0.38034951604367256,0.3161584652573086,2.839763567551284,16.135452690100816,2023-06,"эволюционный KEFRiN, α=0.25"
0.2606147868168878,609.6676263304032,0.5555063801112445,0.484454156673829,0.5165533106354637,0.3874869443834673,0.3267865513921308,2.906724940042974,16.592107126726457,2023-07,"эволюционный KEFRiN, α=0.25"
0.2601480839406636,607.9009975060459,0.55573659080943,0.48944940163963174,0.5176776745482653,0.39050452552268033,0.3318154364550607,2.9366964098377903,16.763486102635916,2023-08,"эволюционный KEFRiN, α=0.25"
0.2607943809450845,610.7148353881079,0.5537888639947613,0.4901805169102423,0.5278398531892822,0.3894225641175987,0.3352373968753497,2.941083101461454,16.327370333386703,2023-09,"эволюционный KEFRiN, α=0.25"
0.2603655700879349,611.5202200139945,0.5513159369530762,0.48095559921533376,0.5354147074332594,0.3824664065790577,0.33236389622110973,2.8857335952920025,15.198204544344417,2023-10,"эволюционный KEFRiN, α=0.25"
0.2591796370938628,611.9324865191286,0.5528016342641532,0.47284452690493906,0.5386240347450362,0.3768630102586696,0.3209346818458952,2.8370671614296343,15.33910880836137,2023-11,"эволюционный KEFRiN, α=0.25"
0.2599635998863366,611.7849084481004,0.5539941938628683,0.4738803282636148,0.5319208009779811,0.37847847002559304,0.3203654277569278,2.843281969581689,15.307510473669408,2023-12,"эволюционный KEFRiN, α=0.25"
0.2603121768849813,613.0223551324633,0.554707235003221,0.474303100656784,0.5325736611823864,0.37865447365796995,0.31545087508951763,2.845818603940704,16.120035297324694,2024-01,"эволюционный KEFRiN, α=0.25"
0.26041555621535595,612.1724088741167,0.5564097070417502,0.47471132861190907,0.5309017884077366,0.3791548037958962,0.3178094997506397,2.8482679716714543,15.719347879722509,2024-02,"эволюционный KEFRiN, α=0.25"
0.26072961077595797,615.1241743728075,0.5554753975606447,0.47803942920449805,0.5338338163099601,0.38084915690681054,0.3238293553848155,2.8682365752269883,15.343474110881097,2024-03,"эволюционный KEFRiN, α=0.25"
0.26020829086436964,612.54410547054,0.5565184012471958,0.4785543982998788,0.5321473537902125,0.3814211361514112,0.32256260833077977,2.8713263897992727,15.664499085854214,2024-04,"эволюционный KEFRiN, α=0.25"
0.260219855528959,612.8332934649304,0.5557381750801427,0.47719782239659997,0.5317618374431325,0.38061471141174247,0.32397786232799103,2.8631869343795997,15.620811673767355,2024-05,"эволюционный KEFRiN, α=0.25"
0.26078056160135493,613.3280692403364,0.5551855693700882,0.4749279984608081,0.5289034820746161,0.3795807123654187,0.32136846692976023,2.8495679907648483,15.63782076478183,2024-06,"эволюционный KEFRiN, α=0.25"
0.26019931046067346,611.7024499322457,0.5532648309186473,0.47890216413495473,0.5250653697508627,0.3826763138696979,0.32401943933675714,2.8734129848097285,15.882608300781396,2024-07,"эволюционный KEFRiN, α=0.25"
0.2592786215023838,608.473532824236,0.5545709459766051,0.48263689874880633,0.5254828858789596,0.3849953638568374,0.32627521004272697,2.895821392492838,16.37656855204332,2024-08,"эволюционный KEFRiN, α=0.25"
0.25946145399248416,609.8407257157244,0.5539039906061008,0.48734763353246713,0.5290469021783148,0.387451188273763,0.3340091094189447,2.9240858011948028,16.180977380318758,2024-09,"эволюционный KEFRiN, α=0.25"
0.2588464582459118,608.7879672637325,0.5549592267416545,0.4842462107177983,0.5330628723955725,0.3848924958793645,0.33160363687284183,2.9054772643067897,15.95909582806993,2024-10,"эволюционный KEFRiN, α=0.25"
0.2595028484576981,611.4612719677142,0.5550145632619633,0.4819165109239618,0.5316911725640717,0.3836210099885306,0.3240076783520178,2.891499065543771,16.445017483576834,2024-11,"эволюционный KEFRiN, α=0.25"
0.25933191960938984,610.2944964438568,0.5553060932641274,0.48066707110614165,0.5286161090481547,0.38328006832279593,0.31980587582064635,2.88400242663685,16.490139315210598,2024-12,"эволюционный KEFRiN, α=0.25"
0.2626134576878105,609.2336601639245,0.5633869873251005,0.4671272654696965,0.5195465567854111,0.37589875646037174,0.3136409885849021,2.802763592818179,16.472526735809538,2023-01,"эволюционный KEFRiN, α=0.5"
0.26242305503369867,606.5588323020828,0.56583592903926,0.47199427768969776,0.5152001079369958,0.37966947973172155,0.31628318890995843,2.8319656661381867,16.791802303302877,2023-02,"эволюционный KEFRiN, α=0.5"
0.2621462297714674,606.2552922838696,0.5659032019813385,0.4750469419451704,0.5182478182237408,0.3811988250874019,0.32001573874706235,2.8502816516710228,16.95654040570699,2023-03,"эволюционный KEFRiN, α=0.5"
0.2616814392623531,607.0744857145401,0.5651159216760788,0.47481383878135147,0.5184568637040056,0.3810183607962077,0.31898383732765057,2.848883032688109,16.618702968733846,2023-04,"эволюционный KEFRiN, α=0.5"
0.26155247672055465,609.8686202419407,0.5615579396258464,0.4725268053711571,0.5195810426907185,0.3793823737822959,0.31669319955690284,2.8351608322269426,16.06233914556442,2023-05,"эволюционный KEFRiN, α=0.5"
0.26089864846760313,611.0359848504113,0.5563153924146003,0.47568278457887764,0.5164312876035226,0.38187286225614403,0.3182492594996049,2.854096707473266,16.253884733121676,2023-06,"эволюционный KEFRiN, α=0.5"
0.259992328097881,608.1591435723449,0.5567599192161374,0.48568980101782205,0.516195620402198,0.38833097426114194,0.32779303708428187,2.914138806106932,16.651427956552837,2023-07,"эволюционный KEFRiN, α=0.5"
0.25969437304818566,606.8615325367315,0.5564494868453681,0.48995041083735913,0.5188185049224923,0.3906492037988621,0.33254330917390756,2.9397024650241548,16.793958965063783,2023-08,"эволюционный KEFRiN, α=0.5"
0.25945768336053177,608.3417490819012,0.5550835934206045,0.49273530089711176,0.5268124872603581,0.39119043592381014,0.33806794630569015,2.9564118053826705,16.444862427315016,2023-09,"эволюционный KEFRiN, α=0.5"
0.2603422018414729,612.0878273394962,0.5517714431555127,0.48245633317346925,0.5357217654330257,0.3833696970710948,0.3333028893651033,2.8947379990408155,15.278632191317937,2023-10,"эволюционный KEFRiN, α=0.5"
0.2594364378885225,611.8969856948845,0.5512102643337675,0.4761287241398134,0.5370596528455475,0.37917106925593697,0.3229850936896129,2.8567723448388804,15.532185204108474,2023-11,"эволюционный KEFRiN, α=0.5"
0.25929574496980173,610.0609463031096,0.5528679572544,0.4748709813127194,0.5314213777887753,0.3791819236344229,0.3214636545603336,2.849225887876316,15.377222570349366,2023-12,"эволюционный KEFRiN, α=0.5"
0.2602409624408192,613.2048489549145,0.5532490232202281,0.47517189035334334,0.53130922853292,0.37938989854213473,0.3161918078990157,2.85103134212006,16.190138054115927,2024-01,"эволюционный KEFRiN, α=0.5"
0.26026646203758214,612.1947501511218,0.5554218050202104,0.47533965519443583,0.5309158304936102,0.37955350331905724,0.31903641099625246,2.852037931166615,15.758714288000073,2024-02,"эволюционный KEFRiN, α=0.5"
0.26023642100473254,614.0790778221841,0.5545034090861849,0.4804987914462591,0.5333817090759577,0.38247464515102636,0.32575211978629226,2.882992748677555,15.451220316877086,2024-03,"эволюционный KEFRiN, α=0.5"
0.2598547023173552,611.7209928677705,0.5562680953678777,0.479956305559722,0.5315745768906858,0.38239490951868216,0.32392191318085395,2.879737833358332,15.731659860587065,2024-04,"эволюционный KEFRiN, α=0.5"
0.26014542007486996,612.7108104455244,0.5556521285132714,0.4773926210556376,0.5319703571631583,0.38070840152059493,0.3243367055360812,2.8643557263338257,15.629351074300887,2024-05,"эволюционный KEFRiN, α=0.5"
0.2599140264999229,611.3004709234357,0.5560849897085356,0.47520312630181877,0.5298115303586454,0.3796255296654663,0.32282361415568184,2.8512187578109125,15.639480187449353,2024-06,"эволюционный KEFRiN, α=0.5"
0.2603143630121009,611.4735148405509,0.5542246404350789,0.4788056319922638,0.5262692789515366,0.3824385104472463,0.3245344670021746,2.8728337919535827,15.867799730918481,2024-07,"эволюционный KEFRiN, α=0.5"
0.25894174244559504,607.848138497504,0.5553120841589154,0.4838337637309562,0.525915408975479,0.3856922090295101,0.32755727652991795,2.9030025823857373,16.428606667626045,2024-08,"эволюционный KEFRiN, α=0.5"
0.25846279585264,608.0962193419308,0.5547228076033096,0.4881785711426905,0.5289298112662825,0.38799383072042515,0.33512700983807253,2.929071426856143,16.19378010606796,2024-09,"эволюционный KEFRiN, α=0.5"
0.25843159076679434,608.4513120454505,0.5543409551639028,0.4851480765219592,0.5323587980081066,0.3855666739750116,0.3323388431366239,2.910888459131755,15.986606015738943,2024-10,"эволюционный KEFRiN, α=0.5"
0.2590143917025921,611.1169755391261,0.5536616672018416,0.48225578525528606,0.5303180919715927,0.3840383688070162,0.32387834217102274,2.8935347115317165,16.45074125050433,2024-11,"эволюционный KEFRiN, α=0.5"
0.2593349780527235,609.8606231849981,0.5553724530830962,0.4838693481001786,0.5283051951370327,0.3853596059825695,0.3223526530174067,2.903216088601072,16.647401299940846,2024-12,"эволюционный KEFRiN, α=0.5"
0.2626134576878105,609.2336601639245,0.5633869873251005,0.4671272654696965,0.5195465567854111,0.37589875646037174,0.3136409885849021,2.802763592818179,16.472526735809538,2023-01,"эволюционный KEFRiN, α=0.75"
0.2624209905097544,606.8118140612586,0.5650499487030258,0.47143450393613956,0.5149657765521248,0.37934091120335506,0.3158255079066199,2.8286070236168372,16.760886880790906,2023-02,"эволюционный KEFRiN, α=0.75"
0.262132933596883,606.468760636203,0.5658080721807391,0.4744413429070375,0.5181577819810007,0.38082182827393096,0.3191442283538596,2.846648057442225,16.92537556170773,2023-03,"эволюционный KEFRiN, α=0.75"
0.26194998233507055,607.5687654490764,0.5644867506659077,0.4739895583445321,0.5179971328777077,0.3805539591465735,0.31835410661771074,2.8439373500671925,16.577948684103582,2023-04,"эволюционный KEFRiN, α=0.75"
0.2610783133459948,609.1830658083207,0.562960877719816,0.47282702614906574,0.5191688889537168,0.37963526832075956,0.3169136798548832,2.8369621568943946,16.06001118599915,2023-05,"эволюционный KEFRiN, α=0.75"
0.2603233133223704,608.6030940842534,0.5609724817736721,0.4774105553224657,0.516110319830214,0.38303264635903506,0.31961697401456624,2.864463331934794,16.31220536689462,2023-06,"эволюционный KEFRiN, α=0.75"
0.25966524075371833,607.2208293260577,0.5591165096863808,0.48670888881143703,0.5157122758875723,0.3890553225047237,0.3288924682242045,2.920253332868622,16.695463314938902,2023-07,"эволюционный KEFRiN, α=0.75"
0.2586837386521156,604.8411470502024,0.5594499506189259,0.491472672549115,0.5176922604270031,0.39178913622963546,0.33369619430727604,2.94883603529469,16.860999092643006,2023-08,"эволюционный KEFRiN, α=0.75"
0.2589367040356071,606.5058498241799,0.5579356263239529,0.49145304128964246,0.5264742991615367,0.39043333665380014,0.33765873532880786,2.9487182477378546,16.385732699145745,2023-09,"эволюционный KEFRiN, α=0.75"
0.2595769020837493,610.5131030803675,0.5551114913193486,0.48253945105524715,0.5347591440182822,0.38356374734942145,0.334316490045923,2.895236706331483,15.290262034369114,2023-10,"эволюционный KEFRiN, α=0.75"
0.25950923516050883,612.1426527122608,0.5543266483674903,0.478318382741086,0.5363024229085914,0.3806681339322778,0.32480627084440417,2.869910296446516,15.681300552876658,2023-11,"эволюционный KEFRiN, α=0.75"
0.2587995171700833,609.5327419950097,0.5559142180400415,0.4751431253738056,0.5318271836208955,0.3792970301805225,0.32106897909704885,2.8508587522428335,15.412867224361008,2023-12,"эволюционный KEFRiN, α=0.75"
0.25855205516559665,610.1431119168928,0.5563953314794049,0.4769712149041958,0.5315476229007706,0.3805015480775621,0.3185765969571953,2.861827289425175,16.291755316006437,2024-01,"эволюционный KEFRiN, α=0.75"
0.2592518819510332,611.3200583694609,0.556924743249931,0.4744966791048011,0.5314895979408399,0.37893343698691206,0.3197522922274458,2.8469800746288065,15.74034439045859,2024-02,"эволюционный KEFRiN, α=0.75"
0.25952016555257823,613.170863904497,0.5567339656855609,0.477159630285094,0.5348105420432457,0.3801493240782076,0.32448115314904413,2.862957781710564,15.323231191127839,2024-03,"эволюционный KEFRiN, α=0.75"
0.25998124136450707,612.346813369102,0.5577044740711993,0.4804638691430292,0.5316777536821125,0.3827019177325663,0.3251667486330535,2.882783214858175,15.772438232204927,2024-04,"эволюционный KEFRiN, α=0.75"
0.2597772822156434,611.9870612095613,0.5573970869372145,0.48173260149908287,0.5297012794659967,0.3837973519458861,0.3275485996804225,2.8903956089944973,15.83679822461637,2024-05,"эволюционный KEFRiN, α=0.75"
0.25901943381841575,610.0682955307225,0.5574645288349228,0.4788944048587118,0.5282448059603099,0.38220633696551914,0.3260724530972751,2.873366429152271,15.827147100527107,2024-06,"эволюционный KEFRiN, α=0.75"
0.2581144248615625,607.0388728470421,0.5578202037888241,0.481902199560259,0.5265664912485156,0.384367565241777,0.3277081898426092,2.8914131973615538,16.000301036978005,2024-07,"эволюционный KEFRiN, α=0.75"
0.2586245022510137,606.7401851422707,0.5580553168411002,0.485612064786147,0.5280221266652848,0.3865064362292833,0.3284824480424841,2.913672388716882,16.517404180224506,2024-08,"эволюционный KEFRiN, α=0.75"
0.2585883243153279,607.6282278428904,0.5565363062686242,0.4883596176074783,0.5298525518443004,0.38796924337965305,0.3352940124338559,2.93015770564487,16.218398843353537,2024-09,"эволюционный KEFRiN, α=0.75"
0.2582743328149022,608.543389827754,0.5557167514712095,0.4863864021118878,0.5317529258724735,0.3864388624064123,0.33260604356868706,2.9183184126713266,16.037844008012296,2024-10,"эволюционный KEFRiN, α=0.75"
0.2582574588689672,609.8942405629647,0.5551092906589125,0.48416566279573475,0.5307765508706958,0.3851805172731577,0.3249949374531115,2.9049939767744086,16.53720981446113,2024-11,"эволюционный KEFRiN, α=0.75"
0.2586338870841195,609.5957510624409,0.5571995237851465,0.48549135800027005,0.5270147157746282,0.38658046009044505,0.32274234218936704,2.9129481480016204,16.720055871580577,2024-12,"эволюционный KEFRiN, α=0.75"
0.2626134576878105,609.2336601639245,0.5633869873251005,0.4671272654696965,0.5195465567854111,0.37589875646037174,0.3136409885849021,2.802763592818179,16.472526735809538,2023-01,"эволюционный KEFRiN, адаптивный α (AFFECT)"
0.26242305503369867,606.5588323020828,0.56583592903926,0.47199427768969776,0.5152001079369958,0.37966947973172155,0.31628318890995843,2.8319656661381867,16.791802303302877,2023-02,"эволюционный KEFRiN, адаптивный α (AFFECT)"
0.2621462297714674,606.2552922838696,0.5659032019813385,0.4750469419451704,0.5182478182237408,0.3811988250874019,0.32001573874706235,2.8502816516710228,16.95654040570699,2023-03,"эволюционный KEFRiN, адаптивный α (AFFECT)"
0.2616814392623531,607.0744857145401,0.5651159216760788,0.47481383878135147,0.5184568637040056,0.3810183607962077,0.31898383732765057,2.848883032688109,16.618702968733846,2023-04,"эволюционный KEFRiN, адаптивный α (AFFECT)"
0.2616621285329846,609.9560582161732,0.561434285826708,0.4723905711528393,0.5195732026804812,0.37929567787131085,0.31629235023311486,2.8343434269170356,16.054836113628646,2023-05,"эволюционный KEFRiN, адаптивный α (AFFECT)"
0.2609524110169881,611.1553562012693,0.5567695163817785,0.4761611346951788,0.5165946439055905,0.3821572247225354,0.31805812116654814,2.8569668081710726,16.278046924859076,2023-06,"эволюционный KEFRiN, адаптивный α (AFFECT)"
0.26026757839581827,608.2640230688152,0.5575658152734697,0.4856837451550189,0.5161617790598878,0.3883322061759807,0.32778620391652524,2.9141024709301133,16.65601150689978,2023-07,"эволюционный KEFRiN, адаптивный α (AFFECT)"
0.2598086418677956,606.8733892186439,0.5573833307958431,0.4904996895146965,0.518592739675812,0.3910328329045609,0.33286577334752454,2.9429981370881793,16.823103582974877,2023-08,"эволюционный KEFRiN, адаптивный α (AFFECT)"
0.25936389089201006,607.9673113895682,0.5553043740104413,0.49208905601770225,0.526484273233588,0.39083312440328183,0.3376248538973021,2.9525343361062135,16.409656252260167,2023-09,"эволюционный KEFRiN, адаптивный α (AFFECT)"
0.260238028022238,611.483110351792,0.5529411213943703,0.4837204978041332,0.5354985770597415,0.38420043079241667,0.3343483412762998,2.902322986824799,15.326687215517323,2023-10,"эволюционный KEFRiN, адаптивный α (AFFECT)"
0.25967382370307396,612.2110008297326,0.5518762471966216,0.4783073070453801,0.5364210276822817,0.38064393346461706,0.32420533508283234,2.8698438422722807,15.636879422127002,2023-11,"эволюционный KEFRiN, адаптивный α (AFFECT)"
0.25863635892393566,608.609812163717,0.553793373456914,0.4774946594846073,0.5295692928509781,0.38112173642781827,0.3226743886979432,2.864967956907644,15.479954235380724,2023-12,"эволюционный KEFRiN, адаптивный α (AFFECT)"
0.2600346119924836,612.8227546780306,0.5530498804196075,0.47557390028302926,0.5314434464210771,0.37962678619129114,0.31566246189831043,2.8534434016981756,16.202313127802277,2024-01,"эволюционный KEFRiN, адаптивный α (AFFECT)"
0.2603299857838329,612.7556901504089,0.5546039714206481,0.47492656529924737,0.5314503726260319,0.3792131932156621,0.31794939397361377,2.8495593917954842,15.744670340166643,2024-02,"эволюционный KEFRiN, адаптивный α (AFFECT)"
0.26002318341138086,613.9637720604404,0.5545967068358647,0.4807341280387722,0.5333797166485391,0.38262403311192456,0.32593549550551565,2.884404768232633,15.462091642462383,2024-03,"эволюционный KEFRiN, адаптивный α (AFFECT)"
0.25985462024013745,611.8355138568817,0.5559723052378359,0.4804404587181385,0.5322309536377593,0.3826060661107512,0.32426794265226494,2.882642752308831,15.75913434100788,2024-04,"эволюционный KEFRiN, адаптивный α (AFFECT)"
0.2594834058491178,612.1172321873927,0.5551808949430848,0.4802039773400715,0.5305586449303658,0.3827008447434069,0.3265664308008804,2.881223864040429,15.764834554473504,2024-05,"эволюционный KEFRiN, адаптивный α (AFFECT)"
0.2599989378228044,611.6212413756327,0.5552224649616999,0.4766000368407847,0.5287103187953122,0.38067601619279595,0.32429136256894575,2.8596002210447082,15.71239984820777,2024-06,"эволюционный KEFRiN, адаптивный α (AFFECT)"
0.26017972501000836,611.2813399878609,0.5542430424506264,0.4790496672291249,0.5266887907633092,0.3825327856687919,0.32484427487703027,2.8742980033747494,15.875655842784052,2024-07,"эволюционный KEFRiN, адаптивный α (AFFECT)"
0.2593674586569283,608.1877363672304,0.5544517625171149,0.48408621689519166,0.5266048097148744,0.3857500041405934,0.32697309677993647,2.90451730137115,16.439693978693402,2024-08,"эволюционный KEFRiN, адаптивный α (AFFECT)"
0.2587129872954061,608.0259927181056,0.5546273505580858,0.4888299899541175,0.528573985456764,0.3884588884546498,0.3359327577615548,2.932979939724705,16.22836379798673,2024-09,"эволюционный KEFRiN, адаптивный α (AFFECT)"
0.25857623413317193,608.732697662979,0.5544737701823582,0.48488002551999854,0.532093535416114,0.3854367543290128,0.3320855644241726,2.909280153119991,15.976148654834017,2024-10,"эволюционный KEFRiN, адаптивный α (AFFECT)"
0.25903312242195803,611.3297912332011,0.5539083698493567,0.48239448383072014,0.530310148416428,0.3841274919307932,0.323588588527306,2.894366902984321,16.458398684248536,2024-11,"эволюционный KEFRiN, адаптивный α (AFFECT)"
0.25934859873481225,609.5089614370575,0.5568709006097537,0.48468248394367924,0.5276827787531585,0.3859678794687842,0.3227076168350429,2.9080949036620756,16.684263429266004,2024-12,"эволюционный KEFRiN, адаптивный α (AFFECT)"
-0.020289554296952835,141.2810030677531,0.6599884244799328,0.8162737968542279,0.5340714003011485,0.5684561825864635,0.7267345332713278,8.979011765396507,70.88223552394409,2023-01,"temporal Leiden, ω=0.5"
-0.022225330471531312,140.8304881898571,0.6733251296303278,0.8175738051509132,0.5419817516574859,0.5665359938703775,0.7287729415084392,8.993311856660045,71.55813812691797,2023-02,"temporal Leiden, ω=0.5"
-0.015796529967976522,144.11928228238406,0.6692416084003131,0.8201004188618787,0.5213569819373844,0.5744749789515928,0.7280191703050597,9.021104607480666,71.10540385896806,2023-03,"temporal Leiden, ω=0.5"
-0.009794022060188184,146.81999550736384,0.6571290112862936,0.8288121911896476,0.5222064309729639,0.5784518395086061,0.7323211975001945,9.116934103086123,70.1951313121705,2023-04,"temporal Leiden, ω=0.5"
-0.007958622130468539,146.05792740117195,0.669038581688575,0.8268358360024696,0.5252615929289313,0.5764713736375537,0.729982079206518,9.095194196027165,67.43635263666805,2023-05,"temporal Leiden, ω=0.5"
-0.0053047183412239995,142.71067605181923,0.7160681379920849,0.8168996434248441,0.5244986242112181,0.5718732600210554,0.726303351243833,8.985896077673285,65.20673647279797,2023-06,"temporal Leiden, ω=0.5"
-0.04467204277092121,137.53429110825942,0.6868643946546286,0.8344230163227175,0.49574369255422196,0.5902572382683886,0.7429614915184938,10.01307619587261,74.23213494363984,2023-07,"temporal Leiden, ω=0.5"
-0.044479953196725965,128.04691469181523,0.6905491819722335,0.8187534927637983,0.4894225461248526,0.5845248057442429,0.7388350724307685,10.643795405929378,78.54781267634729,2023-08,"temporal Leiden, ω=0.5"
-0.04142409382924695,128.4278997162184,0.6870580708729823,0.8217208828273191,0.5006315757637486,0.5822111835737849,0.7413910500469005,10.682371476755149,75.9042311351111,2023-09,"temporal Leiden, ω=0.5"
-0.04585916204162611,127.89674604616988,0.6995531547774136,0.8175939819039795,0.5156213560986983,0.57513495950235,0.741316650198226,10.628721764751733,70.94606320797867,2023-10,"temporal Leiden, ω=0.5"
-0.049480326449350485,122.71387140981352,0.6905494020704002,0.8051139411236206,0.5235365700403208,0.5663807302000516,0.7275589035136348,10.466481234607068,74.31584259392419,2023-11,"temporal Leiden, ω=0.5"
-0.037007848071819976,133.3148513392951,0.7201544183464574,0.8155023632737982,0.5230625856201837,0.5716570377113668,0.727593128673147,9.786028359285579,67.61944474100616,2023-12,"temporal Leiden, ω=0.5"
-0.03791022395382119,130.56837779260078,0.7195598941705976,0.81093353103945,0.5203547636866628,0.5702875225020183,0.7259110400880157,9.7312023724734,72.52397088341061,2024-01,"temporal Leiden, ω=0.5"
-0.035826611960529525,149.38536494502475,0.7266202134049263,0.8345984723182471,0.5426175394580115,0.5744490240940758,0.7283197703345626,8.345984723182472,59.78302572629513,2024-02,"temporal Leiden, ω=0.5"
-0.0319518447561201,138.45654531028106,0.7093459783170213,0.8212747049866707,0.5342047783881783,0.5708335469590297,0.7294467757868186,9.034021754853377,62.50130943038754,2024-03,"temporal Leiden, ω=0.5"
-0.021881560904922718,142.7906201395512,0.7174677112400879,0.822017928383583,0.5315530300505924,0.5720589774424495,0.7293465453043916,9.042197212219413,63.476784539755194,2024-04,"temporal Leiden, ω=0.5"
-0.03469248001175789,129.9520760535625,0.7135281514448578,0.814498819422168,0.5309229739028071,0.5686109134404536,0.7347740154886773,9.773985833066016,69.16563778339659,2024-05,"temporal Leiden, ω=0.5"
-0.01884853549104571,131.14086849878004,0.7231697413333389,0.8093843011712137,0.5383343920048759,0.5637482491182871,0.7283801434594819,9.712611614054564,69.48439682744056,2024-06,"temporal Leiden, ω=0.5"
-0.019642990661636103,123.56449906629042,0.7013972354444835,0.798627869092009,0.5445544769446168,0.5565752895984265,0.7295518550145883,10.382162298196118,74.73450685166503,2024-07,"temporal Leiden, ω=0.5"
-0.022232475599143486,117.5358777097548,0.7174983805675615,0.7880146655456604,0.5317186539873784,0.5553301626915746,0.7226157443813837,10.244190652093584,76.05345161869808,2024-08,"temporal Leiden, ω=0.5"
-0.03498806647849345,126.90477132780957,0.679286882724454,0.8022528453745804,0.5344790346197305,0.561492134342137,0.7283341573736737,10.429286989869546,75.62654552688801,2024-09,"temporal Leiden, ω=0.5"
-0.04528890471560339,127.14480462014515,0.6674747862301927,0.8036599389763427,0.5051611403186139,0.5716021657223367,0.7232880462124547,10.447579206692454,76.01603737654256,2024-10,"temporal Leiden, ω=0.5"
-0.009240386378191889,129.95833922002888,0.6701282666595142,0.8002566908636529,0.5132526305158268,0.5672626980023536,0.7165943954372755,10.403336981227488,78.57111344676383,2024-11,"temporal Leiden, ω=0.5"
-0.011692579774879799,137.07619424844862,0.6475481398311529,0.8091224337925879,0.507830087295055,0.5734809816414194,0.7222357410665612,10.518591639303642,80.13941804497534,2024-12,"temporal Leiden, ω=0.5"
-0.022860306261961158,158.71806533286463,0.7241325540174878,0.8302679432385305,0.557366738278908,0.5676022197801561,0.7165294379381236,7.472411489146775,57.55368106287254,2023-01,"temporal Leiden, ω=1.0"
-0.023030807909969822,160.199581477318,0.7217688098978846,0.835881826422835,0.5547098172788932,0.5710855363189407,0.7213412372891302,7.522936437805515,58.288809937776264,2023-02,"temporal Leiden, ω=1.0"
-0.019187521431110004,153.59462083519423,0.698894742953291,0.8246808752730581,0.5611748595479239,0.5637725011638778,0.7251611528184448,8.246808752730582,64.51721165654695,2023-03,"temporal Leiden, ω=1.0"
-0.02087994480521773,152.27399489590766,0.7091953240922159,0.8244019493551461,0.5646474003464734,0.5625410881159137,0.7246138940981506,8.24401949355146,62.920126371041206,2023-04,"temporal Leiden, ω=1.0"
-0.024459851343647164,154.2091292662937,0.6986286424662173,0.8286099113934263,0.5666920754188466,0.5638464236316638,0.729311937847785,8.286099113934263,61.16058564303184,2023-05,"temporal Leiden, ω=1.0"
-0.026805622818027428,155.34495742686823,0.7019921496149873,0.8265213179721634,0.5650643070912175,0.5633947377890187,0.7273187978060163,8.265213179721634,61.1243355379659,2023-06,"temporal Leiden, ω=1.0"
-0.02977585752947532,155.80360693930882,0.7142721447239785,0.8265540007729811,0.5534795266313627,0.567111448600977,0.7248949513634252,8.265540007729811,60.52376958595561,2023-07,"temporal Leiden, ω=1.0"
-0.026923987048177996,158.7444874237878,0.7182204104059199,0.8270491344065725,0.5474578902419169,0.5692893784531725,0.726824449581122,8.270491344065725,60.12860246467686,2023-08,"temporal Leiden, ω=1.0"
-0.028980203957430454,159.12515755549487,0.7144208041410378,0.8316058130923676,0.5478276463588976,0.5713239560919395,0.7315363369789477,8.316058130923675,58.4742477859069,2023-09,"temporal Leiden, ω=1.0"
-0.03493771604100528,152.98379948398374,0.7273377366136213,0.8304874969547538,0.5564074529264957,0.5680141571953972,0.7297543411983226,8.304874969547537,55.159535997373375,2023-10,"temporal Leiden, ω=1.0"
-0.04098503825995838,139.15092381280155,0.7534852889887674,0.8101064694615835,0.5215799488010503,0.5694807535979542,0.7192681497562438,8.911171164077418,61.63093694122615,2023-11,"temporal Leiden, ω=1.0"
-0.03739425158548109,140.7552674726768,0.7489314546692472,0.8132373072892581,0.5224210293947164,0.5707520166950962,0.7202597871421331,8.94561038018184,61.51898903367831,2023-12,"temporal Leiden, ω=1.0"
-0.03195680379063079,143.2605530652507,0.7412186717971272,0.8075785990629595,0.5258834286825845,0.5668442612276644,0.7165347192914776,8.883364589692555,65.2490590127933,2024-01,"temporal Leiden, ω=1.0"
-0.033004677855785404,138.727631786723,0.7377328803822781,0.8090869728262259,0.5187509657610747,0.5698940795315699,0.7168981358170918,8.899956701088485,63.0109919930059,2024-02,"temporal Leiden, ω=1.0"
-0.02731508488133192,140.41776940780701,0.7336457050986782,0.8100818194580467,0.511593288566618,0.5727257144590354,0.7182814694872148,8.910900014038514,60.33295007707864,2024-03,"temporal Leiden, ω=1.0"
-0.021826000072174258,154.51855586375967,0.7385240703154324,0.8299660063405734,0.5283710984899928,0.5769542360716843,0.7198929035479084,8.299660063405733,57.192960453056905,2024-04,"temporal Leiden, ω=1.0"
-0.02426946156558687,156.63585981726922,0.7310918993572834,0.8303787341042519,0.5370827996916792,0.5742662470184161,0.7256858411161328,8.303787341042518,57.435322149852105,2024-05,"temporal Leiden, ω=1.0"
-0.027406699682668272,153.44228353623856,0.7280289073904399,0.8309738759321027,0.5225144611640022,0.5794005512345982,0.7217759123004406,8.309738759321027,58.20082447527101,2024-06,"temporal Leiden, ω=1.0"
-0.03211109545149644,149.25466740601277,0.7361057599718991,0.8241095497807798,0.5140763724008572,0.5788687612729451,0.7166871896134108,8.241095497807798,57.853554406765,2024-07,"temporal Leiden, ω=1.0"
-0.030938184472485544,148.4644995244581,0.7338087730192793,0.8166737943969575,0.5156965993081484,0.5746546140719351,0.7133332206776964,8.166737943969576,58.958814914510285,2024-08,"temporal Leiden, ω=1.0"
-0.026613910142530568,150.49267275892288,0.7339999235757223,0.8244034445051392,0.514763558707705,0.5787834582649573,0.719423264522866,8.244034445051392,57.385467594376216,2024-09,"temporal Leiden, ω=1.0"
-0.024358965157571445,158.37690632114183,0.7255033256536456,0.8276773457302404,0.516124246172392,0.5799372365380729,0.7212948836294069,8.276773457302404,57.509196482144084,2024-10,"temporal Leiden, ω=1.0"
-0.027806085870943475,160.69762589233216,0.7148019669132515,0.8240714732003968,0.5103347613621041,0.5801063870708677,0.7154456832907878,8.240714732003967,59.54851536113651,2024-11,"temporal Leiden, ω=1.0"
-0.027319573334596205,162.92571752432636,0.7075013417894177,0.825903089905292,0.5159536565307588,0.5791228084270679,0.7156732873549541,8.25903089905292,60.36433553945065,2024-12,"temporal Leiden, ω=1.0"
