i,from,to,t_switch,territory_id,month
11,5,2,6,12,2023-07
21,1,5,9,22,2023-10
21,5,1,12,22,2024-01
21,1,5,21,22,2024-10
74,2,1,20,77,2024-09
96,1,5,5,204,2023-06
96,5,1,9,204,2023-10
114,4,2,5,222,2023-06
149,5,0,5,282,2023-06
149,0,5,10,282,2023-11
153,5,0,4,287,2023-05
171,4,0,3,307,2023-04
171,0,4,10,307,2023-11
178,4,2,8,318,2023-09
185,5,2,5,326,2023-06
245,4,0,4,391,2023-05
249,5,0,19,396,2024-08
273,2,0,6,431,2023-07
275,2,0,20,433,2024-09
278,5,0,19,436,2024-08
280,0,5,11,438,2023-12
280,5,0,15,438,2024-04
289,1,4,13,448,2024-02
321,1,5,6,501,2023-07
362,0,5,16,545,2024-05
366,5,0,20,549,2024-09
374,5,0,19,558,2024-08
381,0,5,17,565,2024-06
381,5,0,21,565,2024-10
394,1,2,6,582,2023-07
400,4,2,5,588,2023-06
426,1,3,11,666,2023-12
433,1,2,6,675,2023-07
433,2,1,11,675,2023-12
437,1,3,10,679,2023-11
437,3,1,14,679,2024-03
485,1,2,5,741,2023-06
485,2,1,12,741,2024-01
514,1,3,10,775,2023-11
516,4,2,10,777,2023-11
519,4,2,19,780,2024-08
523,4,2,10,784,2023-11
524,1,2,11,785,2023-12
527,4,2,4,789,2023-05
534,4,2,8,796,2023-09
536,4,2,5,798,2023-06
538,0,2,10,800,2023-11
538,2,0,20,800,2024-09
551,5,1,14,813,2024-03
551,1,5,18,813,2024-07
555,3,1,10,818,2023-11
556,0,1,9,819,2023-10
578,1,3,10,842,2023-11
609,5,4,3,885,2023-04
609,4,5,6,885,2023-07
610,4,2,10,886,2023-11
638,1,5,18,920,2024-07
648,1,3,6,986,2023-07
692,5,4,10,1034,2023-11
695,1,0,5,1037,2023-06
695,0,1,12,1037,2024-01
695,1,0,17,1037,2024-06
752,1,3,10,1134,2023-11
764,2,1,19,1147,2024-08
771,4,2,5,1154,2023-06
791,1,3,15,1176,2024-04
792,1,5,8,1178,2023-09
792,5,1,15,1178,2024-04
792,1,5,18,1178,2024-07
798,1,3,11,1186,2023-12
802,5,3,21,1190,2024-10
808,0,5,9,1196,2023-10
816,3,1,4,1206,2023-05
818,5,0,5,1208,2023-06
828,3,1,12,1219,2024-01
833,1,3,11,1224,2023-12
853,4,1,4,1246,2023-05
871,1,5,7,1268,2023-08
888,0,5,11,1286,2023-12
888,5,0,16,1286,2024-05
895,1,0,5,1293,2023-06
903,4,5,7,1301,2023-08
903,5,4,10,1301,2023-11
903,4,5,21,1301,2024-10
941,5,0,20,1343,2024-09
961,3,1,21,1397,2024-10
964,3,1,6,1400,2023-07
969,0,3,8,1405,2023-09
972,3,1,8,1408,2023-09
1029,3,1,9,1491,2023-10
1036,3,1,12,1501,2024-01
1043,2,1,5,1511,2023-06
1050,1,3,8,1523,2023-09
1078,0,5,7,1554,2023-08
1078,5,0,13,1554,2024-02
1080,5,1,12,1556,2024-01
1080,1,5,15,1556,2024-04
1084,1,3,6,1560,2023-07
1084,3,1,13,1560,2024-02
1109,1,3,10,1586,2023-11
1109,3,1,18,1586,2024-07
1120,1,3,11,1597,2023-12
1131,0,1,11,1608,2023-12
1148,4,1,4,1625,2023-05
1148,1,4,8,1625,2023-09
1148,4,5,12,1625,2024-01
1148,5,1,18,1625,2024-07
1152,4,0,4,1629,2023-05
1152,0,4,12,1629,2024-01
1165,0,5,5,1642,2023-06
1165,5,0,13,1642,2024-02
1165,0,5,21,1642,2024-10
1211,5,4,10,1690,2023-11
1211,4,5,20,1690,2024-09
1217,0,5,13,1697,2024-02
1217,5,0,21,1697,2024-10
1321,1,3,19,1874,2024-08
1336,3,1,18,1890,2024-07
1411,1,3,10,1971,2023-11
1412,4,5,6,1972,2023-07
1415,2,5,11,1975,2023-12
1417,1,3,10,1977,2023-11
1420,3,1,5,1980,2023-06
1423,4,2,16,1983,2024-05
1423,2,4,19,1983,2024-08
1438,1,2,16,1999,2024-05
1469,5,0,18,2037,2024-07
1483,1,5,6,2052,2023-07
1483,5,1,15,2052,2024-04
1483,1,5,18,2052,2024-07
1525,3,1,9,2101,2023-10
1540,0,5,7,2122,2023-08
1540,5,0,13,2122,2024-02
1541,5,1,11,2124,2023-12
1559,1,3,11,2144,2023-12
1563,4,5,10,2149,2023-11
1578,3,1,11,2164,2023-12
1621,1,3,6,2210,2023-07
1626,3,2,5,2216,2023-06
1626,2,3,13,2216,2024-02
1626,3,2,19,2216,2024-08
1636,2,3,12,2226,2024-01
1648,2,3,16,2238,2024-05
1648,3,2,19,2238,2024-08
1705,5,0,5,2309,2023-06
1706,2,5,8,2310,2023-09
1736,4,2,12,2343,2024-01
1987,3,1,9,2644,2023-10
1987,1,3,13,2644,2024-02
1987,3,1,18,2644,2024-07
1995,3,1,18,2808,2024-07
