rule,ARI_with_main,ARI_with_kmeans,ARI_with_region,SW,CH,S_Dbw,AVI,AVU,MQ
context,0.8607260988528521,0.7887983712473792,0.07405384464179679,0.265448608868357,617.0679107239189,0.5464927525418737,0.9141969896219809,0.5393446393680285,0.7188182277072177
corr,0.918261299574769,0.8075455267882895,0.07526651224472797,0.26568368560963207,615.984999720077,0.5522079752378902,0.40323385347339125,0.493360981386534,0.24483371917397903
cosine,0.9339017984987061,0.7845093680411135,0.07538400425735588,0.26245601575588484,612.8951753661241,0.5537891701508595,0.4850529540018422,0.5355175224117518,0.33324083346075195
dtw,1.0,0.7752228257652614,0.0760185669140438,0.26140038735299087,612.9341692536574,0.5593522009905352,0.5085408336824192,0.5112385890487186,0.34183385874772304
lagcorr,0.8675385386319207,0.783697617780784,0.0737530721396967,0.26118642357756666,612.3259690252869,0.5552268684050892,0.3970146591075205,0.525003531372235,0.26067665547113167
rbf,0.40071053139034923,0.3416616300424711,0.07545755306375267,0.08943936828762472,398.18093376089706,0.647216952126837,0.8003252906506697,0.5409718965567598,0.5907426585374354
road,0.7756763652710704,0.7394785653204332,0.08101621980763261,0.25533292856519957,597.4366773415791,0.548541208557307,0.5081694901010775,0.45135224011217506,0.350237538598313
snf,0.23831389814482587,0.22196819049950375,0.0977156768390575,0.06941416472752958,292.9489388996233,0.6328873597529203,0.915257755459823,0.43650780591364624,0.7219214479746424
без сети (k-means),0.7752228257652614,1.0,0.06415290112425151,0.2853878686692887,655.8347473797303,0.48424941704057684,0.45982166977810524,0.48440886373172304,0.3032389066691271
