territory_id,name,region,type_kmeans,type_kefrin,neighbors_same_type_kmeans,neighbors_same_type_kefrin
8,Теучежский,Республика Адыгея,4,3,0.0923033336373869,0.08534488670432677
12,Майминский,Республика Алтай,5,2,0.38971552089280354,0.0
22,Агидель,Республика Башкортостан,5,1,0.31299573492785726,0.3701918228980862
42,Бирский,Республика Башкортостан,5,1,0.1251766716752927,0.5457451423977085
56,Илишевский,Республика Башкортостан,5,0,0.559427414720772,0.35050902739616696
74,Татышлинский,Республика Башкортостан,1,0,0.04451573084868323,0.3409765291765437
76,Уфимский,Республика Башкортостан,4,3,0.1258919856659495,0.0924564723844534
83,Янаульский,Республика Башкортостан,4,2,0.15103696114695478,0.2018841526242662
204,Усть-Джегутинский,Карачаево-Черкесская Республика,1,5,0.0766939456944135,0.7390285046889319
207,Костомукшский,Республика Карелия,1,2,0.7529125325417684,0.5313642721447036
212,Лахденпохский,Республика Карелия,5,0,0.3039133385776193,0.25397832963995237
222,Сортавальский,Республика Карелия,1,4,0.5102086756160377,0.1984221516173082
225,Воркута,Республика Коми,4,2,0.17733275545717417,0.9375324310911721
229,Ухта,Республика Коми,4,2,0.17915596411044685,0.6161286324322812
234,Печора,Республика Коми,4,2,0.22558498524316134,0.5854619655859397
283,Сернурский,Республика Марий Эл,5,0,0.4381862331711685,0.3172844771030681
287,Ардатовский,Республика Мордовия,5,0,0.4359634783338074,0.5009356570777815
295,Инсарский,Республика Мордовия,1,5,0.0,0.598918402643805
307,Торбеевский,Республика Мордовия,4,0,0.06320998012335957,0.40511641001846316
309,Якутск,Республика Саха (Якутия),1,2,0.38989986416275096,0.3747685653224333
316,Булунский,Республика Саха (Якутия),4,2,0.13528485947617194,1.0
319,Верхоянский,Республика Саха (Якутия),4,2,0.24199866696206546,0.8877827219967803
320,Вилюйский,Республика Саха (Якутия),5,2,0.5249003643126474,0.3746316285722063
324,Нюрбинский,Республика Саха (Якутия),4,2,0.14482722362549572,0.2890191329308432
326,Мегино-Кангаласский,Республика Саха (Якутия),5,2,0.8243744504060297,0.250878946931258
331,Нижнеколымский,Республика Саха (Якутия),4,2,0.2041771160479312,1.0
335,Среднеколымский,Республика Саха (Якутия),5,2,0.10988946162132367,0.9299073247260826
338,Томпонский,Республика Саха (Якутия),4,2,0.2955634441916135,0.8788281919208455
342,Хангаласский,Республика Саха (Якутия),5,2,0.4892052017123109,0.4492917703389046
364,Арский,Республика Татарстан,5,0,0.5446497585622653,0.49516769082468554
366,Бавлинский,Республика Татарстан,4,2,0.2052834250071365,0.15382232624279676
377,Камско-Устьинский,Республика Татарстан,5,0,0.5715411866554353,0.42924783027978936
378,Кукморский,Республика Татарстан,5,0,0.5152751232435981,0.4567358343692428
383,Мензелинский,Республика Татарстан,5,0,0.11962464633135665,0.37077195964855864
391,Сармановский,Республика Татарстан,4,0,0.09808090217606844,0.43555245357028194
396,Черемшанский,Республика Татарстан,5,0,0.2052896554598601,0.6677318649649727
424,Балезинский,Удмуртская Республика,5,0,0.39360966892286736,0.4595975202625952
431,Игринский,Удмуртская Республика,5,0,0.3776409626822066,0.5670830381167457
434,Кезский,Удмуртская Республика,5,0,0.5312863285655568,0.5149908143160471
436,Киясовский,Удмуртская Республика,5,0,0.2630274809223853,0.5998337369563559
438,Малопургинский,Удмуртская Республика,5,0,0.5446082193549562,0.4968127156571023
455,Бейский,Республика Хакасия,5,2,0.6251965576026904,0.12096191634094418
521,Волчихинский,Алтайский край,5,0,0.6258869878718994,0.3771021345635447
527,Змеиногорский,Алтайский край,5,0,0.2294194437466259,0.2353809503777013
540,Михайловский,Алтайский край,5,0,0.42061121893818043,0.3444317367436823
549,Родинский,Алтайский край,0,5,0.11716308764053102,0.8411206114895782
565,Угловский,Алтайский край,5,0,0.5334274515964061,0.4650502863627604
567,Усть-Пристанский,Алтайский край,0,5,0.14261351652176463,0.8146262039971293
582,Каларский,Забайкальский край,1,2,0.21547730270222074,0.8413102995903192
588,Могочинский,Забайкальский край,2,4,0.2504443910875891,0.4687340139162667
608,Петропавловск-Камчатский,Камчатский край,1,2,0.22916727764866673,0.6118564050467714
612,Елизовский,Камчатский край,4,2,0.2411252758536499,0.6447105649557319
613,Мильковский,Камчатский край,5,2,0.29376843626240623,0.891699190346728
614,Соболевский,Камчатский край,0,2,0.0884884931713859,0.9794436790115602
615,Усть-Большерецкий,Камчатский край,0,2,0.09066343507597228,0.9765710880966169
616,Усть-Камчатский,Камчатский край,5,2,0.14333705135647082,0.9401622757275049
618,Карагинский,Камчатский край,1,2,0.06635725657528196,0.9560221312687435
619,Олюторский,Камчатский край,5,2,0.0466126781997921,1.0
621,Тигильский,Камчатский край,4,2,0.03475940527519689,1.0
666,Красноярск,Красноярский край,1,3,0.5300911167096564,0.5391600069464607
685,Балахтинский,Красноярский край,5,0,0.04823793017650385,0.06187480854624212
691,Большеулуйский,Красноярский край,5,2,0.662452710155647,0.0
702,Кежемский,Красноярский край,0,2,0.0,0.16599316516151325
725,Шушенский,Красноярский край,5,0,0.33158491511850313,0.22578910828379867
741,Добрянский,Пермский край,1,2,0.8191703366796088,0.07044972659466633
757,Пермский,Пермский край,1,3,0.39531047429344,0.0
775,Владивостокский,Приморский край,1,3,0.4869468060284024,0.5956920252225991
779,Дальнегорский,Приморский край,1,2,0.0,0.11756129145994186
789,Кавалеровский,Приморский край,5,4,0.35485441917308586,0.30380929041919125
792,Лазовский,Приморский край,5,2,0.3365728650887757,0.14037574202463224
793,Михайловский,Приморский край,0,2,0.16781102054834704,0.08606785642056222
794,Надеждинский,Приморский край,4,2,0.3948017275896936,0.13428846505022918
798,Пограничный,Приморский край,5,4,0.2964240758784435,0.6564639344248258
805,Черниговский,Приморский край,5,4,0.3327831217188282,0.5402184507756133
810,Благодарненский,Ставропольский край,5,0,0.5537335930923307,0.42308608111909857
811,Георгиевский,Ставропольский край,5,0,0.5337441095695294,0.08746382586411432
812,Ессентуки,Ставропольский край,5,1,0.20454542891826732,0.7998590084737602
814,Изобильненский,Ставропольский край,5,0,0.06592090826315992,0.3666301063891603
815,Ипатовский,Ставропольский край,5,0,0.5469340756632729,0.4676188412308849
817,Кировский,Ставропольский край,5,0,0.6795110642882054,0.24349016291055003
819,Минераловодский,Ставропольский край,5,1,0.2743466861998512,0.6461639231908125
821,Нефтекумский,Ставропольский край,5,0,0.6697553311202633,0.42807087278867856
822,Новоалександровский,Ставропольский край,5,0,0.5730525585347872,0.5033652691144201
823,Петровский,Ставропольский край,5,0,0.4928029707624082,0.4983071727619173
825,Советский,Ставропольский край,5,0,0.7457325361406418,0.514518200824365
827,Андроповский,Ставропольский край,5,0,0.4895362402557147,0.7081459623641548
829,Арзгирский,Ставропольский край,5,0,0.545926188991598,0.5441093276669472
831,Грачёвский,Ставропольский край,5,0,0.5433253074875506,0.5589765463920443
842,Хабаровск,Хабаровский край,1,3,0.5703216342212227,0.3477100854591949
844,Амурский,Хабаровский край,1,2,0.0932050760493815,0.8615093100414667
846,Бикинский,Хабаровский край,4,2,0.3500980491615699,0.5890262334560343
852,Нанайский,Хабаровский край,1,2,0.05214957000345055,0.14148637112247708
855,Полины Осипенко,Хабаровский край,4,2,0.2957535017131076,0.8996993588343579
856,Советско-Гаванский,Хабаровский край,1,2,0.03636061793458924,0.7761483512560281
860,Хабаровский,Хабаровский край,1,3,0.4724072498011439,0.08777088795385199
873,Бурейский,Амурская область,1,2,0.20368488265276202,0.38268388658538416
881,Октябрьский,Амурская область,5,4,0.38269513544018646,0.6253710884246114
883,Свободненский,Амурская область,1,2,0.6715075956295269,0.42876259213503864
885,Серышевский,Амурская область,5,4,0.2908662038316733,0.4872388329815369
889,Шимановский,Амурская область,4,2,0.4148556086026691,0.2094211659309575
890,Архангельск,Архангельская область,1,3,0.5850775719267743,0.07592328061961635
907,Мезенский,Архангельская область,5,2,0.3431931883159449,0.15965181542991314
916,Нарьян-Мар,Ненецкий автономный округ,4,2,0.1026358476803489,0.9466878433740206
920,Ахтубинский,Астраханская область,5,1,0.13647313965920146,0.5144368607085087
999,Меленковский,Владимирская область,1,0,0.1603354309879505,0.20354283393902983
1018,Еланский,Волгоградская область,1,0,0.12311793786467791,0.49595182170239716
1035,Палласовский,Волгоградская область,5,0,0.5027395287478846,0.3943845025911153
1058,Кирилловский,Вологодская область,5,0,0.49617419285265624,0.22414312723262356
1061,Никольский,Вологодская область,5,0,0.6866583438255138,0.17770222701184102
1134,Иркутск,Иркутская область,1,3,0.5278209614009254,0.5070730728374264
1142,Черемхово,Иркутская область,4,2,0.3031443726576689,0.15671791257987555
1150,Иркутский,Иркутская область,1,3,0.19908788830083837,0.6994879905471246
1151,Казачинско-Ленский,Иркутская область,1,2,0.24611622102957056,0.11663201914911248
1176,Калининград,Калининградская область,1,3,0.6291722851472085,0.5520635687219765
1179,Пионерский,Калининградская область,5,1,0.0,0.8709864481913722
1186,Гурьевский,Калининградская область,1,3,0.6704780575637524,0.3947121573314821
1191,Неманский,Калининградская область,5,0,0.13623361042720494,0.16409686443877594
1196,Славский,Калининградская область,5,0,0.13433304734203905,0.4695370142150139
1219,Тарусский,Калужская область,1,3,0.38618409395046055,0.0
1246,Мариинский,Кемеровская область,1,4,0.12556621534473447,0.25490202448298616
1249,Промышленновский,Кемеровская область,5,0,0.4642544274225211,0.27360899235875996
1261,Котельнич,Кировская область,1,4,0.20703907165403357,0.20245165736759735
1268,Верхнекамский,Кировская область,1,5,0.03711246208578467,0.6339876039464288
1269,Верхошижемский,Кировская область,0,5,0.2619914119759789,0.7922273580579283
1286,Опаринский,Кировская область,5,0,0.3946974430598828,0.4640490744694659
1293,Слободской,Кировская область,5,0,0.27131304251951943,0.11376083817316646
1310,Буйский,Костромская область,5,4,0.559989476182307,0.06048492321366016
1401,Лодейнопольский,Ленинградская область,5,4,0.046830342465912174,0.09657320629106352
1402,Ломоносовский,Ленинградская область,1,3,0.11171058450744892,0.8912917881076473
1405,Приозерский,Ленинградская область,1,3,0.658955189004361,0.24817383085852085
1430,Магадан,Магаданская область,4,2,0.2696722196626716,0.9083866339227219
1431,Ольский,Магаданская область,5,2,0.06314227484694163,0.7660491625196608
1440,Бронницы,Московская область,1,3,0.588153023480643,0.3957364156130248
1461,Лобня,Московская область,4,3,0.0,0.7261750999156202
1463,Луховицы,Московская область,1,3,0.7271373997425715,0.1989070288877601
1477,Рузский,Московская область,1,3,0.7128739770271163,0.3369290348760071
1478,Серебряные Пруды,Московская область,5,3,0.35994418232975667,0.10009987851923938
1484,Чехов,Московская область,1,3,0.3592950029215537,0.7452171934814313
1494,Лотошино,Московская область,5,0,0.5028458741036516,0.09104661395060454
1496,Богородский,Московская область,3,1,0.1100843456424851,0.7796880959543759
1506,Мурманск,Мурманская область,4,3,0.03648563609950252,0.4116564924660331
1507,Апатиты,Мурманская область,1,2,0.4325863160341144,0.8718042386056684
1508,Кировск,Мурманская область,3,2,0.0,0.9446156235111776
1509,Мончегорск,Мурманская область,1,2,0.34341292303682425,0.9114510394203184
1510,Оленегорск,Мурманская область,1,2,0.4790286999303515,0.6773019362474934
1511,Полярные Зори,Мурманская область,1,2,0.34876570612499413,0.9365624990055466
1512,Ковдорский,Мурманская область,1,2,0.47873892110885374,0.8737264644326943
1518,Кандалакшский,Мурманская область,4,2,0.0,0.7179562564335028
1520,Ловозерский,Мурманская область,5,2,0.07054829005873305,0.35463596772690875
1521,Печенгский,Мурманская область,1,2,0.4129041451024625,0.9438197229749518
1522,Терский,Мурманская область,5,2,0.1924342225301102,0.19733968139583574
1523,Нижний Новгород,Нижегородская область,3,1,0.060995678089926744,0.8739417534745777
1533,Шахунья,Нижегородская область,1,4,0.16500020144226404,0.18869884109182933
1537,Ардатовский,Нижегородская область,1,0,0.02795064110190343,0.4387607368244874
1549,Володарский,Нижегородская область,1,0,0.4322916181831399,0.09197385656758902
1564,Пильнинский,Нижегородская область,5,0,0.6152659173568152,0.4166613389450543
1565,Починковский,Нижегородская область,4,0,0.2150905499134493,0.20557516406263066
1566,Сергачский,Нижегородская область,1,4,0.13617753396166435,0.1744129976430418
1601,Кольцово,Новосибирская область,1,3,0.06597924194422092,0.9340207580557791
1605,Венгеровский,Новосибирская область,0,5,0.2398264536486822,0.7859052968664334
1625,Тогучинский,Новосибирская область,1,4,0.12222543022447824,0.21086636959399102
1629,Черепановский,Новосибирская область,1,4,0.2086126402634906,0.13460063135752248
1639,Калачинский,Омская область,1,4,0.15484274645033333,0.1263345820430009
1643,Любинский,Омская область,5,0,0.3106227755468656,0.17588807950919919
1711,Верховский,Орловская область,5,0,0.5726810985806111,0.3245632259513496
1745,Каменский,Пензенская область,1,0,0.11114258541739996,0.3829022240903897
1752,Мокшанский,Пензенская область,5,0,0.5171782332014819,0.3176816502731353
1756,Никольский,Пензенская область,1,0,0.07148316606109352,0.6356080732449904
1759,Сердобский,Пензенская область,1,0,0.199852763045061,0.24200575984029704
1778,Островский,Псковская область,5,1,0.22015414899074276,0.6479483381153758
1852,Касимовский,Рязанская область,4,0,0.10105578416834933,0.19700978666953078
1885,Безенчукский,Самарская область,4,1,0.048750854551175456,0.7750744269698642
1890,Волжский,Самарская область,1,3,0.49297808027725376,0.26326941191718606
1897,Кошкинский,Самарская область,5,0,0.5294663683011708,0.36867246311429475
1898,Красноармейский,Самарская область,5,0,0.6978262160412705,0.3024142668321527
1905,Ставропольский,Самарская область,1,3,0.38282330128363,0.11254259779199312
1920,Балашовский,Саратовская область,5,1,0.11742927273548986,0.48007874963478464
1927,Ершовский,Саратовская область,4,0,0.04550596849774289,0.5227500076112085
1939,Петровский,Саратовская область,5,4,0.3802127156855874,0.1080036424392749
1941,Пугачевский,Саратовская область,1,0,0.1516956881494892,0.4978536358111988
1954,Александровск-Сахалинский,Сахалинская область,5,2,0.5417591626464018,0.41894556966281343
1955,Анивский,Сахалинская область,5,2,0.3455021672849662,0.8168197711378984
1956,Долинский,Сахалинская область,5,2,0.3716657913307405,0.7739014358272112
1957,Корсаковский,Сахалинская область,4,2,0.3072026015924166,0.8480637939559513
1958,Курильский,Сахалинская область,4,2,0.4259390802495016,0.9734970910963276
1959,Макаровский,Сахалинская область,5,2,0.3824594466289052,0.6925742904740332
1960,Невельский,Сахалинская область,4,2,0.25789766578267437,0.6295163976583732
1963,Поронайский,Сахалинская область,4,2,0.37217300642140844,0.897856926275939
1965,Смирныховский,Сахалинская область,5,2,0.5001845629341306,0.829654146239344
1966,Томаринский,Сахалинская область,5,2,0.4046317834670808,0.8236992829238757
1967,Тымовский,Сахалинская область,5,2,0.5457370125139086,0.8462123251003296
1969,Холмский,Сахалинская область,4,2,0.38483525295925397,0.8220828597907202
1970,Южно-Курильский,Сахалинская область,1,2,0.018438495636288015,1.0
1972,Алапаевск,Свердловская область,5,4,0.18101526107913557,0.32222928112396565
1983,Ивдельский,Свердловская область,4,2,0.1273084922102827,0.0
1993,Краснотурьинск,Свердловская область,1,2,0.8078592912897663,0.11330803105279223
1996,Кушвинский,Свердловская область,1,2,0.664367580190203,0.03437716349289373
2001,Нижняя Салда,Свердловская область,1,3,0.7039981667380676,0.0
2015,Алапаевское,Свердловская область,1,0,0.19867804574949996,0.2361006866636194
2019,Белоярский,Свердловская область,5,0,0.13506708451107144,0.23409546446460858
2052,Духовщинский,Смоленская область,1,5,0.0,0.6353438851495491
2067,Хиславичский,Смоленская область,5,0,0.5955207291181835,0.3529631307736485
2075,Моршанск,Тамбовская область,1,4,0.21629373401698546,0.054433267096327675
2124,Конаковский,Тверская область,5,1,0.0915569760377775,0.74578647597458
2149,Асиновский,Томская область,5,4,0.49440185105639,0.3659531688986204
2206,Омутинский,Тюменская область,5,0,0.5881825766311696,0.29003887809968465
2208,Сорокинский,Тюменская область,5,0,0.4770037010036524,0.3322081512437243
2210,Тюменский,Тюменская область,1,3,0.4515449272208466,0.40331909650697884
2215,Ярковский,Тюменская область,5,0,0.41503876418205143,0.3275158996903471
2226,Сургут,Ханты-Мансийский автономный округ — Югра,3,2,0.36551009388307937,0.3529412016370206
2229,Белоярский,Ханты-Мансийский автономный округ — Югра,4,2,0.08990300369362303,1.0
2238,Салехард,Ямало-Ненецкий автономный округ,3,2,0.0576633343274146,0.8282857310311255
2249,Шурышкарский,Ямало-Ненецкий автономный округ,5,2,0.3788497361925274,1.0
2264,Новоспасский,Ульяновская область,1,4,0.06850277050901368,0.1323633261215078
2304,Красноармейский,Челябинская область,5,0,0.39054048513421297,0.3221732122122245
2338,Биробиджан,Еврейская автономная область,4,2,0.47833300529112127,0.3766744138935723
2341,Облученский,Еврейская автономная область,4,2,0.37762711147220734,0.8476229044483513
2345,Эгвекинот,Чукотский автономный округ,4,2,0.23840544388279813,0.9370002701657085
2649,Щёлково,Московская область,1,3,0.30866622378857617,0.6604620118525306
2872,Приуральский,Ямало-Ненецкий автономный округ,4,2,0.25467985849309627,0.9282308334933117
2880,Лабытнанги,Ямало-Ненецкий автономный округ,1,2,0.049289111254934403,0.9439249666763446
