,k-means (признаки),Ward (признаки),GMM (признаки),спектральная (сеть),Leiden (сеть),Louvain (сеть),Ward со связностью (признаки+сеть),KEFRiN-e (признаки+сеть),KEFRiN-c (признаки+сеть),CANUS (признаки+сеть),GAE + k-means (GNN),DAEGC (GNN),DMoN (GNN)
k-means (признаки),1.0,0.5961288037088049,0.34075331493793043,0.2229004961236083,0.24787802181997368,0.22528368005155827,0.49336994497926717,0.8998566728207634,0.7752228257652614,0.5603781769969752,0.23662153860980684,0.22679592178593252,0.2348435598450113
Ward (признаки),0.5961288037088049,1.0,0.3625813449418102,0.2112360385969668,0.25264766613061607,0.23023210931096047,0.4578532921719958,0.6206923821622832,0.6216118768676601,0.4640162927703626,0.24917898087753837,0.23253795502996547,0.24911238320347173
GMM (признаки),0.34075331493793043,0.3625813449418102,1.0,0.23495287444227891,0.23472304693212492,0.20687526676938336,0.2844054457354539,0.363323149205473,0.3698417236407477,0.29309125496746713,0.23614944908155666,0.21044004344943165,0.21365816151210168
спектральная (сеть),0.2229004961236083,0.2112360385969668,0.23495287444227891,1.0,0.45482581869709415,0.40071347766614335,0.2351297640203372,0.2506874604976346,0.2519405582042608,0.22429683409863482,0.34529914256869715,0.39911836622148644,0.3690225769826189
Leiden (сеть),0.24787802181997368,0.25264766613061607,0.23472304693212492,0.45482581869709415,1.0,0.5233509942486054,0.2688791976036347,0.2673002368244257,0.2779690076297134,0.26086151547503267,0.350147681971487,0.46556865344652903,0.4250053886646235
Louvain (сеть),0.22528368005155827,0.23023210931096047,0.20687526676938336,0.40071347766614335,0.5233509942486054,1.0,0.22584134654699398,0.24173249406271657,0.24745827565214187,0.23111318833105046,0.31455841411833,0.4038416729306254,0.46139770173982203
Ward со связностью (признаки+сеть),0.49336994497926717,0.4578532921719958,0.2844054457354539,0.2351297640203372,0.2688791976036347,0.22584134654699398,1.0,0.5278259084183875,0.5235770510294243,0.44308430984162217,0.26356416644924807,0.2674246044609029,0.28181083573282
KEFRiN-e (признаки+сеть),0.8998566728207634,0.6206923821622832,0.363323149205473,0.2506874604976346,0.2673002368244257,0.24173249406271657,0.5278259084183875,1.0,0.819636228975244,0.5714753495368418,0.2627360822721352,0.2535250756821296,0.26317276996778577
KEFRiN-c (признаки+сеть),0.7752228257652614,0.6216118768676601,0.3698417236407477,0.2519405582042608,0.2779690076297134,0.24745827565214187,0.5235770510294243,0.819636228975244,1.0,0.5837800702715246,0.2739913712108082,0.27566016166437435,0.27532818080668375
CANUS (признаки+сеть),0.5603781769969752,0.4640162927703626,0.29309125496746713,0.22429683409863482,0.26086151547503267,0.23111318833105046,0.44308430984162217,0.5714753495368418,0.5837800702715246,1.0,0.27476120881064237,0.2563106057416873,0.27061979896513694
GAE + k-means (GNN),0.23662153860980684,0.24917898087753837,0.23614944908155666,0.34529914256869715,0.350147681971487,0.31455841411833,0.26356416644924807,0.2627360822721352,0.2739913712108082,0.27476120881064237,1.0,0.4495825203308745,0.4874678160211043
DAEGC (GNN),0.22679592178593252,0.23253795502996547,0.21044004344943165,0.39911836622148644,0.46556865344652903,0.4038416729306254,0.2674246044609029,0.2535250756821296,0.27566016166437435,0.2563106057416873,0.4495825203308745,1.0,0.6506461830246805
DMoN (GNN),0.2348435598450113,0.24911238320347173,0.21365816151210168,0.3690225769826189,0.4250053886646235,0.46139770173982203,0.28181083573282,0.26317276996778577,0.27532818080668375,0.27061979896513694,0.4874678160211043,0.6506461830246805,1.0
