,AVI_z,AVU_z,MQ_z,mean_z,rank
DMoN (GNN),89.69198810570975,142.72348676800453,87.31958987926423,106.57835491765951,1
DAEGC (GNN),91.69852935541114,46.09761278555882,89.85855084513528,75.88489766203507,2
Leiden (сеть),112.10505500009387,20.636838017397782,86.33555637074127,73.02581646274432,3
GAE + k-means (GNN),102.1731315519221,24.52086109559138,82.1830181179366,69.62567025515003,4
Louvain (сеть),97.21188504113023,23.624472574684443,73.24934552062376,64.69523437881281,5
Ward (признаки),90.03591640418166,21.36555749283848,57.114624353779526,56.17203275026656,6
KEFRiN-c (признаки+сеть),73.1259594983811,14.362901395536207,61.66565217606068,49.718171023326,7
KEFRiN-e (признаки+сеть),74.49610659093707,15.739708339659709,51.743110661395654,47.32630853066414,8
спектральная (сеть),94.00502171691089,-31.56492399184094,74.23525512259968,45.55845094922321,9
GMM (признаки),69.63488490770136,3.5482970338753046,58.7311472490006,43.971443063525754,10
k-means (признаки),58.5650309619927,16.950080869091614,38.67690148881813,38.06400443996748,11
Ward со связностью (признаки+сеть),56.23254124468688,10.823838518472936,45.607719902780985,37.55469988864693,12
CANUS (признаки+сеть),48.532860343617564,-8.545906900934362,49.55036752780059,29.84577365682793,13
