,SW,CH,S_Dbw,AVI,AVU,ANUI,MQ,MQ_Mancoridis,density_modularity
k-means (признаки),46.59889296666467,1847.746072451688,56.316496625421294,111.04645712268578,11.1732112121544,98.7623180366859,114.28220803932194,111.04645712268577,116.48636287926006
Ward (признаки),38.12372425560279,1617.1391610535459,45.71788878206492,116.64012783959465,16.02161294863899,103.71628420015587,113.16532060464282,116.64012783959471,121.18006922132895
GMM (признаки),22.546154126451484,1314.8422786559054,69.25673923269161,110.71243011303284,3.3755908187493335,97.45398736223348,111.17923648764466,110.71243011303281,117.80858047244202
спектральная (сеть),6.853422968740604,818.8359591349679,20.174552320997392,255.65141738336126,-44.83272940859474,185.8943189425721,188.81308891043057,255.65141738336138,269.0377549190032
Leiden (сеть),14.10583240056168,1012.4443233870094,30.802066643220016,233.79510146028997,1.557254051181446,177.04331932340722,209.02572052594175,233.79510146028989,223.8743736347988
Louvain (сеть),8.586263544251834,802.3042236867457,23.68804608710141,246.3352220100462,24.586296378606256,193.52341830964767,189.1584809373481,246.33522201004618,236.24741454573737
Ward со связностью (признаки+сеть),32.040585123761154,1482.8595077536145,78.24049129541537,139.9048714846492,15.75535325894641,121.23637581415419,146.76103567155573,139.90487148464914,143.78739729992373
KEFRiN-e (признаки+сеть),46.88779112577504,1719.838907612952,56.11018790348572,122.50949072136781,11.14180361889346,107.52946560432784,124.47182898563722,122.50949072136771,129.1874434317387
KEFRiN-c (признаки+сеть),44.85110786665632,1634.9254622906813,66.05495071290652,125.68055298794296,10.44017537381096,108.62270602213773,130.84588313680624,125.68055298794296,128.38066174009958
CANUS (признаки+сеть),30.18293996756977,1275.1331272686998,68.06087722610813,116.56348475921017,-13.79970229394273,100.06694762133564,123.78202394664383,116.56348475921014,116.53179944224048
GAE + k-means (GNN),14.77215138750817,1097.5872172253478,67.3049809360087,232.7143212152425,-5.0115642944457655,175.68602193124548,220.08147274527246,232.71432121524234,235.6043720815818
DAEGC (GNN),21.237652778070782,1116.1350256793974,162.93053802997534,203.55322424803887,6.286667260227554,154.5157591449508,201.67325657214482,203.55322424803896,205.78473852717562
DMoN (GNN),20.649851864046134,1074.1002425761606,267.1851901698559,202.44156993671874,80.65182390597062,153.74692803454678,202.42294297416308,202.44156993671905,203.871455105545
