,SW,CH,S_Dbw,AVI,AVU,ANUI,MQ,MQ_Mancoridis,density_modularity,K_found,min_size,seconds,bootstrap_ARI,bootstrap_ARI_sd,n_boot
k-means (признаки),0.2853878686692887,655.8347473797303,0.48424941704057684,0.45982166977810524,0.48440886373172304,0.3760578972401082,0.3032389066691271,2.7589300186686314,15.195930666970883,6.0,109.0,2.1,0.9746963216466552,0.012914083233339327,20.0
Ward (признаки),0.22547778227493423,551.1801637665071,0.5626996890678154,0.47566226750215074,0.48725376494832934,0.38616214938252363,0.30180382857822463,2.8539736050129045,15.907366408758373,6.0,106.0,0.2,0.5437452300709198,0.08887737260457239,20.0
GMM (признаки),0.12065996036757119,370.2853813023173,0.6625257480902264,0.44885444303563543,0.5264985115440823,0.3630564973167347,0.2665206410511512,2.6931266582138127,14.902445412721333,6.0,185.0,0.2,0.6418096937217028,0.18510856294070605,20.0
спектральная (сеть),0.04707052402396271,241.79981878084277,0.6273263827951645,0.8531521524865672,0.5268189909828079,0.5886013148579601,0.6047459717018925,5.118912914919403,35.72159587183026,6.0,39.0,0.2,0.7824255470895134,0.13057279828169235,20.0
Leiden (сеть),0.08060866460068164,287.20930880826097,0.7646608094276599,0.8543356527800318,0.5078121717382308,0.5958366591444828,0.652223675504467,5.126013916680191,32.56410432436639,6.0,144.0,0.8,0.5017741837063621,0.09339869882368378,20.0
Louvain (сеть),0.06361908814820863,274.85844163331376,0.7126650866497565,0.8567742788177659,0.4516499378418362,0.6177344787179168,0.6454817394966936,5.1406456729065955,32.727995598030645,6.0,71.0,0.2,0.5240309653477283,0.0704808090620231,20.0
Ward со связностью (признаки+сеть),0.18433710724106703,480.0308985419197,0.5618233857085587,0.5120453408076051,0.5100807181228851,0.40600353002801054,0.348654752110455,3.0722720448456307,17.596996639662613,6.0,174.0,0.2,0.5362264534391228,0.0648863786887129,20.0
KEFRiN-e (признаки+сеть),0.28278111555236146,652.6403401138214,0.49904670199662843,0.48522967266794703,0.49055473940065203,0.391936383005303,0.32538083691562053,2.911378036007682,16.556038026861646,6.0,109.0,1.8,0.9349929493744613,0.03204468309703346,20.0
KEFRiN-c (признаки+сеть),0.26140038735299087,612.9341692536574,0.5593522009905352,0.5085408336824192,0.5112385890487186,0.40360841744031095,0.34183385874772304,3.0512450020945154,17.278554146417285,6.0,185.0,5.5,0.9427910730257398,0.04107289670842375,20.0
CANUS (признаки+сеть),0.18765418607613854,476.90337915210955,0.5690990511139613,0.4810610664874168,0.5436858760272351,0.3813265830574499,0.34288413931312356,2.8863663989245008,15.564937073990535,6.0,178.0,242.5,0.589902465649635,0.028131591200951808,5.0
GAE + k-means (GNN),0.06454299668582833,315.51140848594576,0.687025312668674,0.8159480900015276,0.5425052466730677,0.565587376493269,0.6335244597600445,4.895688540009165,32.61997882416578,6.0,232.0,5.0,0.5200618893126832,0.09884143449760714,20.0
DAEGC (GNN),0.06846631006391417,296.9366159685563,0.6948927079232525,0.7974243376740261,0.5515506866634797,0.5538361533711723,0.6323584456971473,4.784546026044157,31.534828381452506,6.0,305.0,13.5,0.624250396630154,0.11844992705389323,20.0
DMoN (GNN),0.06983475171700686,309.7930254076632,0.6784071509560068,0.819120445727694,0.5412000368101583,0.5675298945195402,0.6527338392075169,4.914722674366164,32.52900559891468,6.0,304.0,10.8,0.6338912391714879,0.10552668155839635,20.0
