,MQ_basic,MQ_basic_z
k-means (признаки),0.011193314599164991,94.68179668770078
Ward (признаки),0.011968272161142487,124.30500588671906
GMM (признаки),0.010801166550184628,136.21509013413308
спектральная (сеть),0.05835710679551987,243.92851673656327
Leiden (сеть),0.02434107529533076,241.74821821383279
Louvain (сеть),0.031211226893423608,233.49117371130703
Ward со связностью (признаки+сеть),0.011596294877430344,133.2329818890354
KEFRiN-e (признаки+сеть),0.012087725726537414,92.91797096290105
KEFRiN-c (признаки+сеть),0.011586165646915303,154.43478196454691
CANUS (признаки+сеть),0.009652155676689754,106.18263244446776
GAE + k-means (GNN),0.021726643590083382,272.8417952890791
DAEGC (GNN),0.019109451316187978,284.70834125145217
DMoN (GNN),0.019620296124622377,263.9290776704336
