,SW,CH,S_Dbw,AVI,AVU,MQ,bootstrap_ARI,n1,n2,n3,rank_threshold,borda,rank_borda
KEFRiN-c (признаки+сеть),1,1,2,2,2,2,1,3,4,0,1,60.0,2
KEFRiN-e (признаки+сеть),1,1,2,2,2,2,1,3,4,0,1,59.0,3
DAEGC (GNN),2,2,1,1,2,1,2,3,4,0,1,56.0,6
Ward со связностью (признаки+сеть),1,1,1,2,1,2,3,4,2,1,4,57.0,5
DMoN (GNN),2,3,1,2,1,1,2,3,3,1,5,62.0,1
k-means (признаки),1,1,2,3,1,3,1,4,1,2,6,58.0,4
GMM (признаки),2,2,1,3,2,3,1,2,3,2,7,41.0,9
Ward (признаки),1,1,3,3,1,3,2,3,1,3,8,46.0,7
GAE + k-means (GNN),3,2,2,1,3,1,3,2,2,3,9,45.0,8
CANUS (признаки+сеть),2,2,1,3,3,3,2,1,3,3,10,39.0,11
Louvain (сеть),3,3,3,1,1,1,3,3,0,4,11,41.0,9
спектральная (сеть),3,3,3,1,3,2,1,2,1,4,12,36.0,13
Leiden (сеть),3,3,3,1,3,1,3,2,0,5,13,37.0,12
