,выбор (8 методов),выбор (8 методов),все 13 методов,все 13 методов
,copeland,rank_copeland,copeland,rank_copeland
k-means (признаки),7.0,1.0,8.0,2
KEFRiN-c (признаки+сеть),5.0,2.0,6.0,3
KEFRiN-e (признаки+сеть),3.0,3.0,4.0,5
Ward (признаки),1.0,4.0,2.0,7
GMM (признаки),-1.0,5.0,-2.0,8
CANUS (признаки+сеть),-3.0,6.0,-4.0,9
Leiden (сеть),-5.0,7.0,-8.0,11
спектральная (сеть),-7.0,8.0,-12.0,13
DMoN (GNN),,,12.0,1
Ward со связностью (признаки+сеть),,,6.0,3
DAEGC (GNN),,,4.0,5
GAE + k-means (GNN),,,-6.0,10
Louvain (сеть),,,-10.0,12
